2025-10-20T14:46:22.682+01:00  INFO 3320 --- [medjool] [restartedMain] com.example.medjool.MedjoolApplication   : Starting MedjoolApplication using Java 23.0.2 with PID 3320 (C:\Users\s.samid\Downloads\medjool_demo_back\target\classes started by s.samid in C:\Users\s.samid\Downloads\medjool_demo_back)
2025-10-20T14:46:22.696+01:00 DEBUG 3320 --- [medjool] [restartedMain] com.example.medjool.MedjoolApplication   : Running with Spring Boot v3.4.3, Spring v6.2.3
2025-10-20T14:46:22.698+01:00  INFO 3320 --- [medjool] [restartedMain] com.example.medjool.MedjoolApplication   : No active profile set, falling back to 1 default profile: "default"
2025-10-20T14:46:22.815+01:00  INFO 3320 --- [medjool] [restartedMain] .e.DevToolsPropertyDefaultsPostProcessor : Devtools property defaults active! Set 'spring.devtools.add-properties' to 'false' to disable
2025-10-20T14:46:22.816+01:00  INFO 3320 --- [medjool] [restartedMain] .e.DevToolsPropertyDefaultsPostProcessor : For additional web related logging consider setting the 'logging.level.web' property to 'DEBUG'
2025-10-20T14:46:26.046+01:00  INFO 3320 --- [medjool] [restartedMain] .s.d.r.c.RepositoryConfigurationDelegate : Bootstrapping Spring Data JPA repositories in DEFAULT mode.
2025-10-20T14:46:26.235+01:00  INFO 3320 --- [medjool] [restartedMain] .s.d.r.c.RepositoryConfigurationDelegate : Finished Spring Data repository scanning in 175 ms. Found 17 JPA repository interfaces.
2025-10-20T14:46:27.874+01:00  INFO 3320 --- [medjool] [restartedMain] o.s.b.w.embedded.tomcat.TomcatWebServer  : Tomcat initialized with port 8080 (http)
2025-10-20T14:46:27.900+01:00  INFO 3320 --- [medjool] [restartedMain] o.apache.catalina.core.StandardService   : Starting service [Tomcat]
2025-10-20T14:46:27.900+01:00  INFO 3320 --- [medjool] [restartedMain] o.apache.catalina.core.StandardEngine    : Starting Servlet engine: [Apache Tomcat/10.1.36]
2025-10-20T14:46:27.990+01:00  INFO 3320 --- [medjool] [restartedMain] o.a.c.c.C.[Tomcat].[localhost].[/]       : Initializing Spring embedded WebApplicationContext
2025-10-20T14:46:27.991+01:00  INFO 3320 --- [medjool] [restartedMain] w.s.c.ServletWebServerApplicationContext : Root WebApplicationContext: initialization completed in 5174 ms
2025-10-20T14:46:28.550+01:00  INFO 3320 --- [medjool] [restartedMain] o.hibernate.jpa.internal.util.LogHelper  : HHH000204: Processing PersistenceUnitInfo [name: default]
2025-10-20T14:46:28.654+01:00  INFO 3320 --- [medjool] [restartedMain] org.hibernate.Version                    : HHH000412: Hibernate ORM core version 6.6.8.Final
2025-10-20T14:46:28.715+01:00  INFO 3320 --- [medjool] [restartedMain] o.h.c.internal.RegionFactoryInitiator    : HHH000026: Second-level cache disabled
2025-10-20T14:46:29.195+01:00  INFO 3320 --- [medjool] [restartedMain] o.s.o.j.p.SpringPersistenceUnitInfo      : No LoadTimeWeaver setup: ignoring JPA class transformer
2025-10-20T14:46:29.249+01:00  INFO 3320 --- [medjool] [restartedMain] com.zaxxer.hikari.HikariDataSource       : HikariPool-1 - Starting...
2025-10-20T14:46:30.148+01:00  INFO 3320 --- [medjool] [restartedMain] com.zaxxer.hikari.pool.HikariPool        : HikariPool-1 - Added connection com.mysql.cj.jdbc.ConnectionImpl@437a589f
2025-10-20T14:46:30.151+01:00  INFO 3320 --- [medjool] [restartedMain] com.zaxxer.hikari.HikariDataSource       : HikariPool-1 - Start completed.
2025-10-20T14:46:30.343+01:00  INFO 3320 --- [medjool] [restartedMain] org.hibernate.orm.connections.pooling    : HHH10001005: Database info:
	Database JDBC URL [Connecting through datasource 'HikariDataSource (HikariPool-1)']
	Database driver: undefined/unknown
	Database version: 8.0.41
	Autocommit mode: undefined/unknown
	Isolation level: undefined/unknown
	Minimum pool size: undefined/unknown
	Maximum pool size: undefined/unknown
2025-10-20T14:46:32.302+01:00  INFO 3320 --- [medjool] [restartedMain] o.h.e.t.j.p.i.JtaPlatformInitiator       : HHH000489: No JTA platform available (set 'hibernate.transaction.jta.platform' to enable JTA platform integration)
2025-10-20T14:46:32.678+01:00  INFO 3320 --- [medjool] [restartedMain] j.LocalContainerEntityManagerFactoryBean : Initialized JPA EntityManagerFactory for persistence unit 'default'
2025-10-20T14:46:33.360+01:00 DEBUG 3320 --- [medjool] [restartedMain] com.example.medjool.filters.JWTFilter    : Filter 'JWTFilter' configured for use
2025-10-20T14:46:33.361+01:00 DEBUG 3320 --- [medjool] [restartedMain] c.e.m.f.SimpleFilter$$SpringCGLIB$$0     : Filter 'simpleFilter' configured for use
2025-10-20T14:46:33.361+01:00 DEBUG 3320 --- [medjool] [restartedMain] c.e.m.f.ApiKeyAuthenticationFilter       : Filter 'apiKeyAuthenticationFilter' configured for use
2025-10-20T14:46:33.560+01:00  INFO 3320 --- [medjool] [restartedMain] o.s.d.j.r.query.QueryEnhancerFactory     : Hibernate is in classpath; If applicable, HQL parser will be used.
2025-10-20T14:46:34.641+01:00  INFO 3320 --- [medjool] [restartedMain] f.a.AutowiredAnnotationBeanPostProcessor : Autowired annotation is not supported on static fields: private static java.lang.String com.example.medjool.services.implementation.OrderServiceImpl.PRODUCTION_SERVICE_URL
2025-10-20T14:46:34.641+01:00  INFO 3320 --- [medjool] [restartedMain] f.a.AutowiredAnnotationBeanPostProcessor : Autowired annotation is not supported on static fields: private static java.lang.String com.example.medjool.services.implementation.OrderServiceImpl.API_KEY
2025-10-20T14:46:34.673+01:00  INFO 3320 --- [medjool] [restartedMain] f.a.AutowiredAnnotationBeanPostProcessor : Autowired annotation is not supported on static fields: private static java.lang.String com.example.medjool.services.implementation.StockServiceImpl.ANALYTICS_SERVICE_URL
2025-10-20T14:46:34.969+01:00  WARN 3320 --- [medjool] [restartedMain] JpaBaseConfiguration$JpaWebConfiguration : spring.jpa.open-in-view is enabled by default. Therefore, database queries may be performed during view rendering. Explicitly configure spring.jpa.open-in-view to disable this warning
2025-10-20T14:46:35.032+01:00  INFO 3320 --- [medjool] [restartedMain] r$InitializeUserDetailsManagerConfigurer : Global AuthenticationManager configured with UserDetailsService bean with name userDetailsServiceImpl
2025-10-20T14:46:36.087+01:00  INFO 3320 --- [medjool] [restartedMain] o.s.b.a.e.web.EndpointLinksResolver      : Exposing 16 endpoints beneath base path '/actuator'
2025-10-20T14:46:36.485+01:00  INFO 3320 --- [medjool] [restartedMain] o.s.v.b.OptionalValidatorFactoryBean     : Failed to set up a Bean Validation provider: jakarta.validation.NoProviderFoundException: Unable to create a Configuration, because no Jakarta Bean Validation provider could be found. Add a provider like Hibernate Validator (RI) to your classpath.
2025-10-20T14:46:38.389+01:00  WARN 3320 --- [medjool] [restartedMain] o.s.b.d.a.OptionalLiveReloadServer       : Unable to start LiveReload server
2025-10-20T14:46:38.621+01:00  INFO 3320 --- [medjool] [restartedMain] o.s.m.s.b.SimpleBrokerMessageHandler     : Starting...
2025-10-20T14:46:38.631+01:00  INFO 3320 --- [medjool] [restartedMain] o.s.m.s.b.SimpleBrokerMessageHandler     : BrokerAvailabilityEvent[available=true, SimpleBrokerMessageHandler [org.springframework.messaging.simp.broker.DefaultSubscriptionRegistry@7bd15762]]
2025-10-20T14:46:38.635+01:00  INFO 3320 --- [medjool] [restartedMain] o.s.m.s.b.SimpleBrokerMessageHandler     : Started.
2025-10-20T14:46:38.697+01:00  INFO 3320 --- [medjool] [restartedMain] o.s.b.w.embedded.tomcat.TomcatWebServer  : Tomcat started on port 8080 (http) with context path '/'
2025-10-20T14:46:38.728+01:00  INFO 3320 --- [medjool] [restartedMain] com.example.medjool.MedjoolApplication   : Started MedjoolApplication in 16.902 seconds (process running for 23.381)
2025-10-20T14:47:26.011+01:00  INFO 3320 --- [medjool] [http-nio-8080-exec-9] o.a.c.c.C.[Tomcat].[localhost].[/]       : Initializing Spring DispatcherServlet 'dispatcherServlet'
2025-10-20T14:47:26.012+01:00  INFO 3320 --- [medjool] [http-nio-8080-exec-9] o.s.web.servlet.DispatcherServlet        : Initializing Servlet 'dispatcherServlet'
2025-10-20T14:47:26.018+01:00  INFO 3320 --- [medjool] [http-nio-8080-exec-9] o.s.web.servlet.DispatcherServlet        : Completed initialization in 6 ms
2025-10-20T14:47:26.330+01:00  INFO 3320 --- [medjool] [http-nio-8080-exec-3] com.example.medjool.jwt.JwtUtilities     : Invalid JWT token.
2025-10-20T14:47:26.330+01:00  INFO 3320 --- [medjool] [http-nio-8080-exec-7] com.example.medjool.jwt.JwtUtilities     : Invalid JWT token.
2025-10-20T14:47:26.330+01:00  INFO 3320 --- [medjool] [http-nio-8080-exec-6] com.example.medjool.jwt.JwtUtilities     : Invalid JWT token.
2025-10-20T14:47:26.370+01:00  INFO 3320 --- [medjool] [http-nio-8080-exec-4] com.example.medjool.jwt.JwtUtilities     : Invalid JWT token.
2025-10-20T14:47:26.370+01:00  INFO 3320 --- [medjool] [http-nio-8080-exec-9] com.example.medjool.jwt.JwtUtilities     : Invalid JWT token.
2025-10-20T14:47:26.374+01:00  INFO 3320 --- [medjool] [http-nio-8080-exec-10] com.example.medjool.jwt.JwtUtilities     : Invalid JWT token.
2025-10-20T14:47:36.794+01:00  INFO 3320 --- [medjool] [http-nio-8080-exec-8] c.example.medjool.filters.SimpleFilter   : Incoming request: /api/auth/loginType of request:POST
2025-10-20T14:47:36.795+01:00  INFO 3320 --- [medjool] [http-nio-8080-exec-8] c.example.medjool.filters.SimpleFilter   : MAC Address: null
2025-10-20T14:47:37.420+01:00  INFO 3320 --- [medjool] [http-nio-8080-exec-8] c.example.medjool.filters.SimpleFilter   : Outgoing response with status: 200
2025-10-20T14:47:38.493+01:00  INFO 3320 --- [medjool] [MessageBroker-1] o.s.w.s.c.WebSocketMessageBrokerStats    : WebSocketSession[0 current WS(0)-HttpStream(0)-HttpPoll(0), 0 total, 0 closed abnormally (0 connect failure, 0 send limit, 0 transport error)], stompSubProtocol[processed CONNECT(0)-CONNECTED(0)-DISCONNECT(0)], stompBrokerRelay[null], inboundChannel[pool size = 0, active threads = 0, queued tasks = 0, completed tasks = 0], outboundChannel[pool size = 0, active threads = 0, queued tasks = 0, completed tasks = 0], sockJsScheduler[pool size = 1, active threads = 1, queued tasks = 0, completed tasks = 0]
2025-10-20T14:47:39.069+01:00  INFO 3320 --- [medjool] [http-nio-8080-exec-7] com.example.medjool.filters.JWTFilter    : authenticated user with email :Oussama.elmir@medjoolstar.com
2025-10-20T14:47:39.071+01:00  INFO 3320 --- [medjool] [http-nio-8080-exec-7] c.example.medjool.filters.SimpleFilter   : Incoming request: /api/alertType of request:GET
2025-10-20T14:47:39.071+01:00  INFO 3320 --- [medjool] [http-nio-8080-exec-7] c.example.medjool.filters.SimpleFilter   : MAC Address: null
2025-10-20T14:47:39.106+01:00  INFO 3320 --- [medjool] [http-nio-8080-exec-7] c.example.medjool.filters.SimpleFilter   : Outgoing response with status: 200
2025-10-20T14:47:39.121+01:00  INFO 3320 --- [medjool] [http-nio-8080-exec-6] com.example.medjool.filters.JWTFilter    : authenticated user with email :Oussama.elmir@medjoolstar.com
2025-10-20T14:47:39.122+01:00  INFO 3320 --- [medjool] [http-nio-8080-exec-6] c.example.medjool.filters.SimpleFilter   : Incoming request: /api/alertType of request:GET
2025-10-20T14:47:39.122+01:00  INFO 3320 --- [medjool] [http-nio-8080-exec-6] c.example.medjool.filters.SimpleFilter   : MAC Address: null
2025-10-20T14:47:39.128+01:00  INFO 3320 --- [medjool] [http-nio-8080-exec-6] c.example.medjool.filters.SimpleFilter   : Outgoing response with status: 200
2025-10-20T14:47:41.937+01:00  INFO 3320 --- [medjool] [http-nio-8080-exec-3] com.example.medjool.filters.JWTFilter    : authenticated user with email :Oussama.elmir@medjoolstar.com
2025-10-20T14:47:41.938+01:00  INFO 3320 --- [medjool] [http-nio-8080-exec-3] c.example.medjool.filters.SimpleFilter   : Incoming request: /api/configuration/pallet/get_allType of request:GET
2025-10-20T14:47:41.938+01:00  INFO 3320 --- [medjool] [http-nio-8080-exec-3] c.example.medjool.filters.SimpleFilter   : MAC Address: null
2025-10-20T14:47:41.989+01:00  INFO 3320 --- [medjool] [http-nio-8080-exec-3] c.example.medjool.filters.SimpleFilter   : Outgoing response with status: 200
2025-10-20T14:47:42.005+01:00  INFO 3320 --- [medjool] [http-nio-8080-exec-4] com.example.medjool.filters.JWTFilter    : authenticated user with email :Oussama.elmir@medjoolstar.com
2025-10-20T14:47:42.006+01:00  INFO 3320 --- [medjool] [http-nio-8080-exec-4] c.example.medjool.filters.SimpleFilter   : Incoming request: /api/configuration/pallet/get_allType of request:GET
2025-10-20T14:47:42.007+01:00  INFO 3320 --- [medjool] [http-nio-8080-exec-4] c.example.medjool.filters.SimpleFilter   : MAC Address: null
2025-10-20T14:47:42.017+01:00  INFO 3320 --- [medjool] [http-nio-8080-exec-4] c.example.medjool.filters.SimpleFilter   : Outgoing response with status: 200
2025-10-20T14:51:47.865+01:00  INFO 3320 --- [medjool] [http-nio-8080-exec-7] com.example.medjool.filters.JWTFilter    : authenticated user with email :Oussama.elmir@medjoolstar.com
2025-10-20T14:51:47.867+01:00  INFO 3320 --- [medjool] [http-nio-8080-exec-7] c.example.medjool.filters.SimpleFilter   : Incoming request: /api/alertType of request:GET
2025-10-20T14:51:47.868+01:00  INFO 3320 --- [medjool] [http-nio-8080-exec-7] c.example.medjool.filters.SimpleFilter   : MAC Address: null
2025-10-20T14:51:47.891+01:00  INFO 3320 --- [medjool] [http-nio-8080-exec-7] c.example.medjool.filters.SimpleFilter   : Outgoing response with status: 200
2025-10-20T14:51:47.906+01:00  INFO 3320 --- [medjool] [http-nio-8080-exec-6] com.example.medjool.filters.JWTFilter    : authenticated user with email :Oussama.elmir@medjoolstar.com
2025-10-20T14:51:47.907+01:00  INFO 3320 --- [medjool] [http-nio-8080-exec-6] c.example.medjool.filters.SimpleFilter   : Incoming request: /api/alertType of request:GET
2025-10-20T14:51:47.907+01:00  INFO 3320 --- [medjool] [http-nio-8080-exec-6] c.example.medjool.filters.SimpleFilter   : MAC Address: null
2025-10-20T14:51:47.911+01:00  INFO 3320 --- [medjool] [http-nio-8080-exec-6] c.example.medjool.filters.SimpleFilter   : Outgoing response with status: 200
2025-10-20T14:52:20.296+01:00  INFO 3320 --- [medjool] [http-nio-8080-exec-4] com.example.medjool.filters.JWTFilter    : authenticated user with email :Oussama.elmir@medjoolstar.com
2025-10-20T14:52:20.297+01:00  INFO 3320 --- [medjool] [http-nio-8080-exec-4] c.example.medjool.filters.SimpleFilter   : Incoming request: /api/configuration/pallet/newType of request:POST
2025-10-20T14:52:20.297+01:00  INFO 3320 --- [medjool] [http-nio-8080-exec-4] c.example.medjool.filters.SimpleFilter   : MAC Address: null
2025-10-20T14:52:20.504+01:00  INFO 3320 --- [medjool] [http-nio-8080-exec-4] c.example.medjool.filters.SimpleFilter   : Outgoing response with status: 200
2025-10-20T14:52:22.545+01:00  INFO 3320 --- [medjool] [http-nio-8080-exec-2] com.example.medjool.filters.JWTFilter    : authenticated user with email :Oussama.elmir@medjoolstar.com
2025-10-20T14:52:22.546+01:00  INFO 3320 --- [medjool] [http-nio-8080-exec-2] c.example.medjool.filters.SimpleFilter   : Incoming request: /api/configuration/pallet/get_allType of request:GET
2025-10-20T14:52:22.546+01:00  INFO 3320 --- [medjool] [http-nio-8080-exec-2] c.example.medjool.filters.SimpleFilter   : MAC Address: null
2025-10-20T14:52:22.558+01:00  INFO 3320 --- [medjool] [http-nio-8080-exec-2] c.example.medjool.filters.SimpleFilter   : Outgoing response with status: 200
2025-10-20T14:52:22.576+01:00  INFO 3320 --- [medjool] [http-nio-8080-exec-10] com.example.medjool.filters.JWTFilter    : authenticated user with email :Oussama.elmir@medjoolstar.com
2025-10-20T14:52:22.577+01:00  INFO 3320 --- [medjool] [http-nio-8080-exec-10] c.example.medjool.filters.SimpleFilter   : Incoming request: /api/configuration/pallet/get_allType of request:GET
2025-10-20T14:52:22.577+01:00  INFO 3320 --- [medjool] [http-nio-8080-exec-10] c.example.medjool.filters.SimpleFilter   : MAC Address: null
2025-10-20T14:52:22.585+01:00  INFO 3320 --- [medjool] [http-nio-8080-exec-10] c.example.medjool.filters.SimpleFilter   : Outgoing response with status: 200
2025-10-20T14:52:55.481+01:00  INFO 3320 --- [medjool] [SpringApplicationShutdownHook] o.s.b.w.e.tomcat.GracefulShutdown        : Commencing graceful shutdown. Waiting for active requests to complete
2025-10-20T14:52:55.499+01:00  INFO 3320 --- [medjool] [tomcat-shutdown] o.s.b.w.e.tomcat.GracefulShutdown        : Graceful shutdown complete
2025-10-20T14:52:55.505+01:00  INFO 3320 --- [medjool] [SpringApplicationShutdownHook] o.s.m.s.b.SimpleBrokerMessageHandler     : Stopping...
2025-10-20T14:52:55.505+01:00  INFO 3320 --- [medjool] [SpringApplicationShutdownHook] o.s.m.s.b.SimpleBrokerMessageHandler     : BrokerAvailabilityEvent[available=false, SimpleBrokerMessageHandler [org.springframework.messaging.simp.broker.DefaultSubscriptionRegistry@7bd15762]]
2025-10-20T14:52:55.505+01:00  INFO 3320 --- [medjool] [SpringApplicationShutdownHook] o.s.m.s.b.SimpleBrokerMessageHandler     : Stopped.
2025-10-20T14:52:55.521+01:00  INFO 3320 --- [medjool] [SpringApplicationShutdownHook] j.LocalContainerEntityManagerFactoryBean : Closing JPA EntityManagerFactory for persistence unit 'default'
2025-10-20T14:52:55.527+01:00  INFO 3320 --- [medjool] [SpringApplicationShutdownHook] com.zaxxer.hikari.HikariDataSource       : HikariPool-1 - Shutdown initiated...
2025-10-20T14:52:55.558+01:00  INFO 3320 --- [medjool] [SpringApplicationShutdownHook] com.zaxxer.hikari.HikariDataSource       : HikariPool-1 - Shutdown completed.
2025-10-20T14:53:05.605+01:00  INFO 28616 --- [medjool] [restartedMain] com.example.medjool.MedjoolApplication   : Starting MedjoolApplication using Java 23.0.2 with PID 28616 (C:\Users\s.samid\Downloads\medjool_demo_back\target\classes started by s.samid in C:\Users\s.samid\Downloads\medjool_demo_back)
2025-10-20T14:53:05.608+01:00 DEBUG 28616 --- [medjool] [restartedMain] com.example.medjool.MedjoolApplication   : Running with Spring Boot v3.4.3, Spring v6.2.3
2025-10-20T14:53:05.609+01:00  INFO 28616 --- [medjool] [restartedMain] com.example.medjool.MedjoolApplication   : No active profile set, falling back to 1 default profile: "default"
2025-10-20T14:53:05.674+01:00  INFO 28616 --- [medjool] [restartedMain] .e.DevToolsPropertyDefaultsPostProcessor : Devtools property defaults active! Set 'spring.devtools.add-properties' to 'false' to disable
2025-10-20T14:53:05.674+01:00  INFO 28616 --- [medjool] [restartedMain] .e.DevToolsPropertyDefaultsPostProcessor : For additional web related logging consider setting the 'logging.level.web' property to 'DEBUG'
2025-10-20T14:53:07.081+01:00  INFO 28616 --- [medjool] [restartedMain] .s.d.r.c.RepositoryConfigurationDelegate : Bootstrapping Spring Data JPA repositories in DEFAULT mode.
2025-10-20T14:53:07.193+01:00  INFO 28616 --- [medjool] [restartedMain] .s.d.r.c.RepositoryConfigurationDelegate : Finished Spring Data repository scanning in 103 ms. Found 17 JPA repository interfaces.
2025-10-20T14:53:08.079+01:00  INFO 28616 --- [medjool] [restartedMain] o.s.b.w.embedded.tomcat.TomcatWebServer  : Tomcat initialized with port 8080 (http)
2025-10-20T14:53:08.093+01:00  INFO 28616 --- [medjool] [restartedMain] o.apache.catalina.core.StandardService   : Starting service [Tomcat]
2025-10-20T14:53:08.093+01:00  INFO 28616 --- [medjool] [restartedMain] o.apache.catalina.core.StandardEngine    : Starting Servlet engine: [Apache Tomcat/10.1.36]
2025-10-20T14:53:08.153+01:00  INFO 28616 --- [medjool] [restartedMain] o.a.c.c.C.[Tomcat].[localhost].[/]       : Initializing Spring embedded WebApplicationContext
2025-10-20T14:53:08.153+01:00  INFO 28616 --- [medjool] [restartedMain] w.s.c.ServletWebServerApplicationContext : Root WebApplicationContext: initialization completed in 2478 ms
2025-10-20T14:53:08.502+01:00  INFO 28616 --- [medjool] [restartedMain] o.hibernate.jpa.internal.util.LogHelper  : HHH000204: Processing PersistenceUnitInfo [name: default]
2025-10-20T14:53:08.580+01:00  INFO 28616 --- [medjool] [restartedMain] org.hibernate.Version                    : HHH000412: Hibernate ORM core version 6.6.8.Final
2025-10-20T14:53:08.625+01:00  INFO 28616 --- [medjool] [restartedMain] o.h.c.internal.RegionFactoryInitiator    : HHH000026: Second-level cache disabled
2025-10-20T14:53:08.929+01:00  INFO 28616 --- [medjool] [restartedMain] o.s.o.j.p.SpringPersistenceUnitInfo      : No LoadTimeWeaver setup: ignoring JPA class transformer
2025-10-20T14:53:08.969+01:00  INFO 28616 --- [medjool] [restartedMain] com.zaxxer.hikari.HikariDataSource       : HikariPool-1 - Starting...
2025-10-20T14:53:09.467+01:00  INFO 28616 --- [medjool] [restartedMain] com.zaxxer.hikari.pool.HikariPool        : HikariPool-1 - Added connection com.mysql.cj.jdbc.ConnectionImpl@7cc68bd0
2025-10-20T14:53:09.470+01:00  INFO 28616 --- [medjool] [restartedMain] com.zaxxer.hikari.HikariDataSource       : HikariPool-1 - Start completed.
2025-10-20T14:53:09.601+01:00  INFO 28616 --- [medjool] [restartedMain] org.hibernate.orm.connections.pooling    : HHH10001005: Database info:
	Database JDBC URL [Connecting through datasource 'HikariDataSource (HikariPool-1)']
	Database driver: undefined/unknown
	Database version: 8.0.41
	Autocommit mode: undefined/unknown
	Isolation level: undefined/unknown
	Minimum pool size: undefined/unknown
	Maximum pool size: undefined/unknown
2025-10-20T14:53:10.846+01:00  INFO 28616 --- [medjool] [restartedMain] o.h.e.t.j.p.i.JtaPlatformInitiator       : HHH000489: No JTA platform available (set 'hibernate.transaction.jta.platform' to enable JTA platform integration)
2025-10-20T14:53:11.168+01:00  INFO 28616 --- [medjool] [restartedMain] j.LocalContainerEntityManagerFactoryBean : Initialized JPA EntityManagerFactory for persistence unit 'default'
2025-10-20T14:53:11.657+01:00 DEBUG 28616 --- [medjool] [restartedMain] com.example.medjool.filters.JWTFilter    : Filter 'JWTFilter' configured for use
2025-10-20T14:53:11.658+01:00 DEBUG 28616 --- [medjool] [restartedMain] c.e.m.f.SimpleFilter$$SpringCGLIB$$0     : Filter 'simpleFilter' configured for use
2025-10-20T14:53:11.658+01:00 DEBUG 28616 --- [medjool] [restartedMain] c.e.m.f.ApiKeyAuthenticationFilter       : Filter 'apiKeyAuthenticationFilter' configured for use
2025-10-20T14:53:11.785+01:00  INFO 28616 --- [medjool] [restartedMain] o.s.d.j.r.query.QueryEnhancerFactory     : Hibernate is in classpath; If applicable, HQL parser will be used.
2025-10-20T14:53:12.468+01:00  INFO 28616 --- [medjool] [restartedMain] f.a.AutowiredAnnotationBeanPostProcessor : Autowired annotation is not supported on static fields: private static java.lang.String com.example.medjool.services.implementation.OrderServiceImpl.PRODUCTION_SERVICE_URL
2025-10-20T14:53:12.468+01:00  INFO 28616 --- [medjool] [restartedMain] f.a.AutowiredAnnotationBeanPostProcessor : Autowired annotation is not supported on static fields: private static java.lang.String com.example.medjool.services.implementation.OrderServiceImpl.API_KEY
2025-10-20T14:53:12.487+01:00  INFO 28616 --- [medjool] [restartedMain] f.a.AutowiredAnnotationBeanPostProcessor : Autowired annotation is not supported on static fields: private static java.lang.String com.example.medjool.services.implementation.StockServiceImpl.ANALYTICS_SERVICE_URL
2025-10-20T14:53:12.676+01:00  WARN 28616 --- [medjool] [restartedMain] JpaBaseConfiguration$JpaWebConfiguration : spring.jpa.open-in-view is enabled by default. Therefore, database queries may be performed during view rendering. Explicitly configure spring.jpa.open-in-view to disable this warning
2025-10-20T14:53:12.723+01:00  INFO 28616 --- [medjool] [restartedMain] r$InitializeUserDetailsManagerConfigurer : Global AuthenticationManager configured with UserDetailsService bean with name userDetailsServiceImpl
2025-10-20T14:53:13.252+01:00  INFO 28616 --- [medjool] [restartedMain] o.s.b.a.e.web.EndpointLinksResolver      : Exposing 16 endpoints beneath base path '/actuator'
2025-10-20T14:53:13.434+01:00  INFO 28616 --- [medjool] [restartedMain] o.s.v.b.OptionalValidatorFactoryBean     : Failed to set up a Bean Validation provider: jakarta.validation.NoProviderFoundException: Unable to create a Configuration, because no Jakarta Bean Validation provider could be found. Add a provider like Hibernate Validator (RI) to your classpath.
2025-10-20T14:53:14.090+01:00  WARN 28616 --- [medjool] [restartedMain] o.s.b.d.a.OptionalLiveReloadServer       : Unable to start LiveReload server
2025-10-20T14:53:14.154+01:00  INFO 28616 --- [medjool] [restartedMain] o.s.m.s.b.SimpleBrokerMessageHandler     : Starting...
2025-10-20T14:53:14.154+01:00  INFO 28616 --- [medjool] [restartedMain] o.s.m.s.b.SimpleBrokerMessageHandler     : BrokerAvailabilityEvent[available=true, SimpleBrokerMessageHandler [org.springframework.messaging.simp.broker.DefaultSubscriptionRegistry@183738b0]]
2025-10-20T14:53:14.155+01:00  INFO 28616 --- [medjool] [restartedMain] o.s.m.s.b.SimpleBrokerMessageHandler     : Started.
2025-10-20T14:53:14.174+01:00  INFO 28616 --- [medjool] [restartedMain] o.s.b.w.embedded.tomcat.TomcatWebServer  : Tomcat started on port 8080 (http) with context path '/'
2025-10-20T14:53:14.186+01:00  INFO 28616 --- [medjool] [restartedMain] com.example.medjool.MedjoolApplication   : Started MedjoolApplication in 9.024 seconds (process running for 16.079)
2025-10-20T14:54:04.891+01:00  INFO 28616 --- [medjool] [File Watcher] rtingClassPathChangeChangedEventListener : Restarting due to 1 class path change (0 additions, 1 deletion, 0 modifications)
2025-10-20T14:54:04.897+01:00  INFO 28616 --- [medjool] [Thread-1] o.s.b.w.e.tomcat.GracefulShutdown        : Commencing graceful shutdown. Waiting for active requests to complete
2025-10-20T14:54:04.925+01:00  INFO 28616 --- [medjool] [tomcat-shutdown] o.s.b.w.e.tomcat.GracefulShutdown        : Graceful shutdown complete
2025-10-20T14:54:04.928+01:00  INFO 28616 --- [medjool] [Thread-1] o.s.m.s.b.SimpleBrokerMessageHandler     : Stopping...
2025-10-20T14:54:04.928+01:00  INFO 28616 --- [medjool] [Thread-1] o.s.m.s.b.SimpleBrokerMessageHandler     : BrokerAvailabilityEvent[available=false, SimpleBrokerMessageHandler [org.springframework.messaging.simp.broker.DefaultSubscriptionRegistry@183738b0]]
2025-10-20T14:54:04.929+01:00  INFO 28616 --- [medjool] [Thread-1] o.s.m.s.b.SimpleBrokerMessageHandler     : Stopped.
2025-10-20T14:54:04.943+01:00  INFO 28616 --- [medjool] [Thread-1] j.LocalContainerEntityManagerFactoryBean : Closing JPA EntityManagerFactory for persistence unit 'default'
2025-10-20T14:54:04.948+01:00  INFO 28616 --- [medjool] [Thread-1] com.zaxxer.hikari.HikariDataSource       : HikariPool-1 - Shutdown initiated...
2025-10-20T14:54:04.961+01:00  INFO 28616 --- [medjool] [Thread-1] com.zaxxer.hikari.HikariDataSource       : HikariPool-1 - Shutdown completed.
2025-10-20T14:54:05.105+01:00  INFO 28616 --- [medjool] [restartedMain] com.example.medjool.MedjoolApplication   : Starting MedjoolApplication using Java 23.0.2 with PID 28616 (C:\Users\s.samid\Downloads\medjool_demo_back\target\classes started by s.samid in C:\Users\s.samid\Downloads\medjool_demo_back)
2025-10-20T14:54:05.106+01:00 DEBUG 28616 --- [medjool] [restartedMain] com.example.medjool.MedjoolApplication   : Running with Spring Boot v3.4.3, Spring v6.2.3
2025-10-20T14:54:05.106+01:00  INFO 28616 --- [medjool] [restartedMain] com.example.medjool.MedjoolApplication   : No active profile set, falling back to 1 default profile: "default"
2025-10-20T14:54:06.126+01:00  INFO 28616 --- [medjool] [restartedMain] .s.d.r.c.RepositoryConfigurationDelegate : Bootstrapping Spring Data JPA repositories in DEFAULT mode.
2025-10-20T14:54:06.257+01:00  INFO 28616 --- [medjool] [restartedMain] .s.d.r.c.RepositoryConfigurationDelegate : Finished Spring Data repository scanning in 130 ms. Found 17 JPA repository interfaces.
2025-10-20T14:54:06.613+01:00  INFO 28616 --- [medjool] [restartedMain] o.s.b.w.embedded.tomcat.TomcatWebServer  : Tomcat initialized with port 8080 (http)
2025-10-20T14:54:06.614+01:00  INFO 28616 --- [medjool] [restartedMain] o.apache.catalina.core.StandardService   : Starting service [Tomcat]
2025-10-20T14:54:06.614+01:00  INFO 28616 --- [medjool] [restartedMain] o.apache.catalina.core.StandardEngine    : Starting Servlet engine: [Apache Tomcat/10.1.36]
2025-10-20T14:54:06.663+01:00  INFO 28616 --- [medjool] [restartedMain] o.a.c.c.C.[Tomcat].[localhost].[/]       : Initializing Spring embedded WebApplicationContext
2025-10-20T14:54:06.664+01:00  INFO 28616 --- [medjool] [restartedMain] w.s.c.ServletWebServerApplicationContext : Root WebApplicationContext: initialization completed in 1554 ms
2025-10-20T14:54:06.849+01:00  INFO 28616 --- [medjool] [restartedMain] o.hibernate.jpa.internal.util.LogHelper  : HHH000204: Processing PersistenceUnitInfo [name: default]
2025-10-20T14:54:06.853+01:00  INFO 28616 --- [medjool] [restartedMain] o.h.c.internal.RegionFactoryInitiator    : HHH000026: Second-level cache disabled
2025-10-20T14:54:06.867+01:00  INFO 28616 --- [medjool] [restartedMain] o.s.o.j.p.SpringPersistenceUnitInfo      : No LoadTimeWeaver setup: ignoring JPA class transformer
2025-10-20T14:54:06.869+01:00  INFO 28616 --- [medjool] [restartedMain] com.zaxxer.hikari.HikariDataSource       : HikariPool-2 - Starting...
2025-10-20T14:54:06.889+01:00  INFO 28616 --- [medjool] [restartedMain] com.zaxxer.hikari.pool.HikariPool        : HikariPool-2 - Added connection com.mysql.cj.jdbc.ConnectionImpl@5855b3ba
2025-10-20T14:54:06.890+01:00  INFO 28616 --- [medjool] [restartedMain] com.zaxxer.hikari.HikariDataSource       : HikariPool-2 - Start completed.
2025-10-20T14:54:06.893+01:00  INFO 28616 --- [medjool] [restartedMain] org.hibernate.orm.connections.pooling    : HHH10001005: Database info:
	Database JDBC URL [Connecting through datasource 'HikariDataSource (HikariPool-2)']
	Database driver: undefined/unknown
	Database version: 8.0.41
	Autocommit mode: undefined/unknown
	Isolation level: undefined/unknown
	Minimum pool size: undefined/unknown
	Maximum pool size: undefined/unknown
2025-10-20T14:54:07.297+01:00  INFO 28616 --- [medjool] [restartedMain] o.h.e.t.j.p.i.JtaPlatformInitiator       : HHH000489: No JTA platform available (set 'hibernate.transaction.jta.platform' to enable JTA platform integration)
2025-10-20T14:54:07.570+01:00  INFO 28616 --- [medjool] [restartedMain] j.LocalContainerEntityManagerFactoryBean : Initialized JPA EntityManagerFactory for persistence unit 'default'
2025-10-20T14:54:07.830+01:00 DEBUG 28616 --- [medjool] [restartedMain] com.example.medjool.filters.JWTFilter    : Filter 'JWTFilter' configured for use
2025-10-20T14:54:07.831+01:00 DEBUG 28616 --- [medjool] [restartedMain] c.e.m.f.SimpleFilter$$SpringCGLIB$$0     : Filter 'simpleFilter' configured for use
2025-10-20T14:54:07.831+01:00 DEBUG 28616 --- [medjool] [restartedMain] c.e.m.f.ApiKeyAuthenticationFilter       : Filter 'apiKeyAuthenticationFilter' configured for use
2025-10-20T14:54:08.085+01:00  WARN 28616 --- [medjool] [restartedMain] ConfigServletWebServerApplicationContext : Exception encountered during context initialization - cancelling refresh attempt: org.springframework.beans.factory.UnsatisfiedDependencyException: Error creating bean with name 'configurationController' defined in file [C:\Users\s.samid\Downloads\medjool_demo_back\target\classes\com\example\medjool\controller\ConfigurationController.class]: Unsatisfied dependency expressed through constructor parameter 0: No qualifying bean of type 'com.example.medjool.services.implementation.ConfigurationServiceImpl' available: expected at least 1 bean which qualifies as autowire candidate. Dependency annotations: {}
2025-10-20T14:54:08.086+01:00  INFO 28616 --- [medjool] [restartedMain] j.LocalContainerEntityManagerFactoryBean : Closing JPA EntityManagerFactory for persistence unit 'default'
2025-10-20T14:54:08.086+01:00  INFO 28616 --- [medjool] [restartedMain] com.zaxxer.hikari.HikariDataSource       : HikariPool-2 - Shutdown initiated...
2025-10-20T14:54:08.105+01:00  INFO 28616 --- [medjool] [restartedMain] com.zaxxer.hikari.HikariDataSource       : HikariPool-2 - Shutdown completed.
2025-10-20T14:54:08.108+01:00  INFO 28616 --- [medjool] [restartedMain] o.apache.catalina.core.StandardService   : Stopping service [Tomcat]
2025-10-20T14:54:08.123+01:00  INFO 28616 --- [medjool] [restartedMain] .s.b.a.l.ConditionEvaluationReportLogger : 

Error starting ApplicationContext. To display the condition evaluation report re-run your application with 'debug' enabled.
2025-10-20T14:54:08.180+01:00 ERROR 28616 --- [medjool] [restartedMain] o.s.b.d.LoggingFailureAnalysisReporter   : 

***************************
APPLICATION FAILED TO START
***************************

Description:

Parameter 0 of constructor in com.example.medjool.controller.ConfigurationController required a bean of type 'com.example.medjool.services.implementation.ConfigurationServiceImpl' that could not be found.


Action:

Consider defining a bean of type 'com.example.medjool.services.implementation.ConfigurationServiceImpl' in your configuration.

2025-10-20T14:54:09.738+01:00  INFO 28616 --- [medjool] [restartedMain] com.example.medjool.MedjoolApplication   : Starting MedjoolApplication using Java 23.0.2 with PID 28616 (C:\Users\s.samid\Downloads\medjool_demo_back\target\classes started by s.samid in C:\Users\s.samid\Downloads\medjool_demo_back)
2025-10-20T14:54:09.738+01:00 DEBUG 28616 --- [medjool] [restartedMain] com.example.medjool.MedjoolApplication   : Running with Spring Boot v3.4.3, Spring v6.2.3
2025-10-20T14:54:09.738+01:00  INFO 28616 --- [medjool] [restartedMain] com.example.medjool.MedjoolApplication   : No active profile set, falling back to 1 default profile: "default"
2025-10-20T14:54:10.109+01:00  INFO 28616 --- [medjool] [restartedMain] .s.d.r.c.RepositoryConfigurationDelegate : Bootstrapping Spring Data JPA repositories in DEFAULT mode.
2025-10-20T14:54:10.152+01:00  INFO 28616 --- [medjool] [restartedMain] .s.d.r.c.RepositoryConfigurationDelegate : Finished Spring Data repository scanning in 41 ms. Found 17 JPA repository interfaces.
2025-10-20T14:54:10.313+01:00  INFO 28616 --- [medjool] [restartedMain] o.s.b.w.embedded.tomcat.TomcatWebServer  : Tomcat initialized with port 8080 (http)
2025-10-20T14:54:10.314+01:00  INFO 28616 --- [medjool] [restartedMain] o.apache.catalina.core.StandardService   : Starting service [Tomcat]
2025-10-20T14:54:10.314+01:00  INFO 28616 --- [medjool] [restartedMain] o.apache.catalina.core.StandardEngine    : Starting Servlet engine: [Apache Tomcat/10.1.36]
2025-10-20T14:54:10.352+01:00  INFO 28616 --- [medjool] [restartedMain] o.a.c.c.C.[Tomcat-1].[localhost].[/]     : Initializing Spring embedded WebApplicationContext
2025-10-20T14:54:10.353+01:00  INFO 28616 --- [medjool] [restartedMain] w.s.c.ServletWebServerApplicationContext : Root WebApplicationContext: initialization completed in 613 ms
2025-10-20T14:54:10.558+01:00  INFO 28616 --- [medjool] [restartedMain] o.hibernate.jpa.internal.util.LogHelper  : HHH000204: Processing PersistenceUnitInfo [name: default]
2025-10-20T14:54:10.562+01:00  INFO 28616 --- [medjool] [restartedMain] o.h.c.internal.RegionFactoryInitiator    : HHH000026: Second-level cache disabled
2025-10-20T14:54:10.578+01:00  INFO 28616 --- [medjool] [restartedMain] o.s.o.j.p.SpringPersistenceUnitInfo      : No LoadTimeWeaver setup: ignoring JPA class transformer
2025-10-20T14:54:10.580+01:00  INFO 28616 --- [medjool] [restartedMain] com.zaxxer.hikari.HikariDataSource       : HikariPool-3 - Starting...
2025-10-20T14:54:10.600+01:00  INFO 28616 --- [medjool] [restartedMain] com.zaxxer.hikari.pool.HikariPool        : HikariPool-3 - Added connection com.mysql.cj.jdbc.ConnectionImpl@4c26f6ae
2025-10-20T14:54:10.601+01:00  INFO 28616 --- [medjool] [restartedMain] com.zaxxer.hikari.HikariDataSource       : HikariPool-3 - Start completed.
2025-10-20T14:54:10.603+01:00  INFO 28616 --- [medjool] [restartedMain] org.hibernate.orm.connections.pooling    : HHH10001005: Database info:
	Database JDBC URL [Connecting through datasource 'HikariDataSource (HikariPool-3)']
	Database driver: undefined/unknown
	Database version: 8.0.41
	Autocommit mode: undefined/unknown
	Isolation level: undefined/unknown
	Minimum pool size: undefined/unknown
	Maximum pool size: undefined/unknown
2025-10-20T14:54:10.961+01:00  INFO 28616 --- [medjool] [restartedMain] o.h.e.t.j.p.i.JtaPlatformInitiator       : HHH000489: No JTA platform available (set 'hibernate.transaction.jta.platform' to enable JTA platform integration)
2025-10-20T14:54:11.116+01:00  INFO 28616 --- [medjool] [restartedMain] j.LocalContainerEntityManagerFactoryBean : Initialized JPA EntityManagerFactory for persistence unit 'default'
2025-10-20T14:54:11.345+01:00 DEBUG 28616 --- [medjool] [restartedMain] com.example.medjool.filters.JWTFilter    : Filter 'JWTFilter' configured for use
2025-10-20T14:54:11.346+01:00 DEBUG 28616 --- [medjool] [restartedMain] c.e.m.f.SimpleFilter$$SpringCGLIB$$0     : Filter 'simpleFilter' configured for use
2025-10-20T14:54:11.346+01:00 DEBUG 28616 --- [medjool] [restartedMain] c.e.m.f.ApiKeyAuthenticationFilter       : Filter 'apiKeyAuthenticationFilter' configured for use
2025-10-20T14:54:11.726+01:00  INFO 28616 --- [medjool] [restartedMain] f.a.AutowiredAnnotationBeanPostProcessor : Autowired annotation is not supported on static fields: private static java.lang.String com.example.medjool.services.implementation.OrderServiceImpl.PRODUCTION_SERVICE_URL
2025-10-20T14:54:11.726+01:00  INFO 28616 --- [medjool] [restartedMain] f.a.AutowiredAnnotationBeanPostProcessor : Autowired annotation is not supported on static fields: private static java.lang.String com.example.medjool.services.implementation.OrderServiceImpl.API_KEY
2025-10-20T14:54:11.761+01:00  INFO 28616 --- [medjool] [restartedMain] f.a.AutowiredAnnotationBeanPostProcessor : Autowired annotation is not supported on static fields: private static java.lang.String com.example.medjool.services.implementation.StockServiceImpl.ANALYTICS_SERVICE_URL
2025-10-20T14:54:11.920+01:00  WARN 28616 --- [medjool] [restartedMain] JpaBaseConfiguration$JpaWebConfiguration : spring.jpa.open-in-view is enabled by default. Therefore, database queries may be performed during view rendering. Explicitly configure spring.jpa.open-in-view to disable this warning
2025-10-20T14:54:11.957+01:00  INFO 28616 --- [medjool] [restartedMain] r$InitializeUserDetailsManagerConfigurer : Global AuthenticationManager configured with UserDetailsService bean with name userDetailsServiceImpl
2025-10-20T14:54:12.286+01:00  INFO 28616 --- [medjool] [restartedMain] o.s.b.a.e.web.EndpointLinksResolver      : Exposing 16 endpoints beneath base path '/actuator'
2025-10-20T14:54:12.407+01:00  INFO 28616 --- [medjool] [restartedMain] o.s.v.b.OptionalValidatorFactoryBean     : Failed to set up a Bean Validation provider: jakarta.validation.NoProviderFoundException: Unable to create a Configuration, because no Jakarta Bean Validation provider could be found. Add a provider like Hibernate Validator (RI) to your classpath.
2025-10-20T14:54:12.871+01:00  WARN 28616 --- [medjool] [restartedMain] o.s.b.d.a.OptionalLiveReloadServer       : Unable to start LiveReload server
2025-10-20T14:54:12.909+01:00  INFO 28616 --- [medjool] [restartedMain] o.s.m.s.b.SimpleBrokerMessageHandler     : Starting...
2025-10-20T14:54:12.910+01:00  INFO 28616 --- [medjool] [restartedMain] o.s.m.s.b.SimpleBrokerMessageHandler     : BrokerAvailabilityEvent[available=true, SimpleBrokerMessageHandler [org.springframework.messaging.simp.broker.DefaultSubscriptionRegistry@6c6d276b]]
2025-10-20T14:54:12.910+01:00  INFO 28616 --- [medjool] [restartedMain] o.s.m.s.b.SimpleBrokerMessageHandler     : Started.
2025-10-20T14:54:12.917+01:00  INFO 28616 --- [medjool] [restartedMain] o.s.b.w.embedded.tomcat.TomcatWebServer  : Tomcat started on port 8080 (http) with context path '/'
2025-10-20T14:54:12.925+01:00  INFO 28616 --- [medjool] [restartedMain] com.example.medjool.MedjoolApplication   : Started MedjoolApplication in 3.216 seconds (process running for 74.819)
2025-10-20T14:54:12.930+01:00  INFO 28616 --- [medjool] [restartedMain] .ConditionEvaluationDeltaLoggingListener : Condition evaluation unchanged
2025-10-20T14:54:15.418+01:00  INFO 28616 --- [medjool] [http-nio-8080-exec-1] o.a.c.c.C.[Tomcat-1].[localhost].[/]     : Initializing Spring DispatcherServlet 'dispatcherServlet'
2025-10-20T14:54:15.418+01:00  INFO 28616 --- [medjool] [http-nio-8080-exec-1] o.s.web.servlet.DispatcherServlet        : Initializing Servlet 'dispatcherServlet'
2025-10-20T14:54:15.423+01:00  INFO 28616 --- [medjool] [http-nio-8080-exec-1] o.s.web.servlet.DispatcherServlet        : Completed initialization in 4 ms
2025-10-20T14:54:15.594+01:00  INFO 28616 --- [medjool] [http-nio-8080-exec-1] com.example.medjool.jwt.JwtUtilities     : Invalid JWT token.
2025-10-20T14:54:15.595+01:00  INFO 28616 --- [medjool] [http-nio-8080-exec-2] com.example.medjool.jwt.JwtUtilities     : Invalid JWT token.
2025-10-20T14:54:15.629+01:00  INFO 28616 --- [medjool] [http-nio-8080-exec-1] com.example.medjool.jwt.JwtUtilities     : Invalid JWT token.
2025-10-20T14:54:15.632+01:00  INFO 28616 --- [medjool] [http-nio-8080-exec-4] com.example.medjool.jwt.JwtUtilities     : Invalid JWT token.
2025-10-20T14:54:15.708+01:00  INFO 28616 --- [medjool] [http-nio-8080-exec-3] com.example.medjool.filters.JWTFilter    : authenticated user with email :Oussama.elmir@medjoolstar.com
2025-10-20T14:54:15.714+01:00  INFO 28616 --- [medjool] [http-nio-8080-exec-3] c.example.medjool.filters.SimpleFilter   : Incoming request: /api/configuration/pallet/get_allType of request:GET
2025-10-20T14:54:15.714+01:00  INFO 28616 --- [medjool] [http-nio-8080-exec-3] c.example.medjool.filters.SimpleFilter   : MAC Address: null
2025-10-20T14:54:15.909+01:00  INFO 28616 --- [medjool] [http-nio-8080-exec-3] c.example.medjool.filters.SimpleFilter   : Outgoing response with status: 200
2025-10-20T14:54:15.918+01:00  INFO 28616 --- [medjool] [http-nio-8080-exec-5] com.example.medjool.jwt.JwtUtilities     : Invalid JWT token.
2025-10-20T14:54:15.942+01:00  INFO 28616 --- [medjool] [http-nio-8080-exec-6] com.example.medjool.filters.JWTFilter    : authenticated user with email :Oussama.elmir@medjoolstar.com
2025-10-20T14:54:15.943+01:00  INFO 28616 --- [medjool] [http-nio-8080-exec-6] c.example.medjool.filters.SimpleFilter   : Incoming request: /api/configuration/pallet/get_allType of request:GET
2025-10-20T14:54:15.944+01:00  INFO 28616 --- [medjool] [http-nio-8080-exec-6] c.example.medjool.filters.SimpleFilter   : MAC Address: null
2025-10-20T14:54:15.957+01:00  INFO 28616 --- [medjool] [http-nio-8080-exec-6] c.example.medjool.filters.SimpleFilter   : Outgoing response with status: 200
2025-10-20T14:54:15.968+01:00  INFO 28616 --- [medjool] [http-nio-8080-exec-7] com.example.medjool.jwt.JwtUtilities     : Invalid JWT token.
2025-10-20T14:54:17.749+01:00  INFO 28616 --- [medjool] [http-nio-8080-exec-8] com.example.medjool.filters.JWTFilter    : authenticated user with email :Oussama.elmir@medjoolstar.com
2025-10-20T14:54:17.750+01:00  INFO 28616 --- [medjool] [http-nio-8080-exec-8] c.example.medjool.filters.SimpleFilter   : Incoming request: /api/alertType of request:GET
2025-10-20T14:54:17.751+01:00  INFO 28616 --- [medjool] [http-nio-8080-exec-8] c.example.medjool.filters.SimpleFilter   : MAC Address: null
2025-10-20T14:54:17.775+01:00  INFO 28616 --- [medjool] [http-nio-8080-exec-8] c.example.medjool.filters.SimpleFilter   : Outgoing response with status: 200
2025-10-20T14:54:17.793+01:00  INFO 28616 --- [medjool] [http-nio-8080-exec-9] com.example.medjool.filters.JWTFilter    : authenticated user with email :Oussama.elmir@medjoolstar.com
2025-10-20T14:54:17.795+01:00  INFO 28616 --- [medjool] [http-nio-8080-exec-9] c.example.medjool.filters.SimpleFilter   : Incoming request: /api/alertType of request:GET
2025-10-20T14:54:17.795+01:00  INFO 28616 --- [medjool] [http-nio-8080-exec-9] c.example.medjool.filters.SimpleFilter   : MAC Address: null
2025-10-20T14:54:17.806+01:00  INFO 28616 --- [medjool] [http-nio-8080-exec-9] c.example.medjool.filters.SimpleFilter   : Outgoing response with status: 200
2025-10-20T14:54:35.828+01:00  INFO 28616 --- [medjool] [http-nio-8080-exec-1] com.example.medjool.filters.JWTFilter    : authenticated user with email :Oussama.elmir@medjoolstar.com
2025-10-20T14:54:35.831+01:00  INFO 28616 --- [medjool] [http-nio-8080-exec-1] c.example.medjool.filters.SimpleFilter   : Incoming request: /api/configuration/pallet/newType of request:POST
2025-10-20T14:54:35.832+01:00  INFO 28616 --- [medjool] [http-nio-8080-exec-1] c.example.medjool.filters.SimpleFilter   : MAC Address: null
2025-10-20T14:54:35.973+01:00  INFO 28616 --- [medjool] [http-nio-8080-exec-1] c.example.medjool.filters.SimpleFilter   : Outgoing response with status: 200
2025-10-20T14:54:38.014+01:00  INFO 28616 --- [medjool] [http-nio-8080-exec-3] com.example.medjool.filters.JWTFilter    : authenticated user with email :Oussama.elmir@medjoolstar.com
2025-10-20T14:54:38.015+01:00  INFO 28616 --- [medjool] [http-nio-8080-exec-3] c.example.medjool.filters.SimpleFilter   : Incoming request: /api/configuration/pallet/get_allType of request:GET
2025-10-20T14:54:38.015+01:00  INFO 28616 --- [medjool] [http-nio-8080-exec-3] c.example.medjool.filters.SimpleFilter   : MAC Address: null
2025-10-20T14:54:38.023+01:00  INFO 28616 --- [medjool] [http-nio-8080-exec-3] c.example.medjool.filters.SimpleFilter   : Outgoing response with status: 200
2025-10-20T14:54:38.034+01:00  INFO 28616 --- [medjool] [http-nio-8080-exec-5] com.example.medjool.filters.JWTFilter    : authenticated user with email :Oussama.elmir@medjoolstar.com
2025-10-20T14:54:38.035+01:00  INFO 28616 --- [medjool] [http-nio-8080-exec-5] c.example.medjool.filters.SimpleFilter   : Incoming request: /api/configuration/pallet/get_allType of request:GET
2025-10-20T14:54:38.035+01:00  INFO 28616 --- [medjool] [http-nio-8080-exec-5] c.example.medjool.filters.SimpleFilter   : MAC Address: null
2025-10-20T14:54:38.044+01:00  INFO 28616 --- [medjool] [http-nio-8080-exec-5] c.example.medjool.filters.SimpleFilter   : Outgoing response with status: 200
2025-10-20T14:55:12.906+01:00  INFO 28616 --- [medjool] [MessageBroker-1] o.s.w.s.c.WebSocketMessageBrokerStats    : WebSocketSession[0 current WS(0)-HttpStream(0)-HttpPoll(0), 0 total, 0 closed abnormally (0 connect failure, 0 send limit, 0 transport error)], stompSubProtocol[processed CONNECT(0)-CONNECTED(0)-DISCONNECT(0)], stompBrokerRelay[null], inboundChannel[pool size = 0, active threads = 0, queued tasks = 0, completed tasks = 0], outboundChannel[pool size = 0, active threads = 0, queued tasks = 0, completed tasks = 0], sockJsScheduler[pool size = 1, active threads = 1, queued tasks = 0, completed tasks = 0]
2025-10-20T15:00:36.608+01:00  INFO 28616 --- [medjool] [http-nio-8080-exec-8] com.example.medjool.filters.JWTFilter    : authenticated user with email :Oussama.elmir@medjoolstar.com
2025-10-20T15:00:36.613+01:00  INFO 28616 --- [medjool] [http-nio-8080-exec-8] c.example.medjool.filters.SimpleFilter   : Incoming request: /api/alertType of request:GET
2025-10-20T15:00:36.614+01:00  INFO 28616 --- [medjool] [http-nio-8080-exec-8] c.example.medjool.filters.SimpleFilter   : MAC Address: null
2025-10-20T15:00:36.645+01:00  INFO 28616 --- [medjool] [http-nio-8080-exec-8] c.example.medjool.filters.SimpleFilter   : Outgoing response with status: 200
2025-10-20T15:00:36.662+01:00  INFO 28616 --- [medjool] [http-nio-8080-exec-9] com.example.medjool.filters.JWTFilter    : authenticated user with email :Oussama.elmir@medjoolstar.com
2025-10-20T15:00:36.663+01:00  INFO 28616 --- [medjool] [http-nio-8080-exec-9] c.example.medjool.filters.SimpleFilter   : Incoming request: /api/alertType of request:GET
2025-10-20T15:00:36.663+01:00  INFO 28616 --- [medjool] [http-nio-8080-exec-9] c.example.medjool.filters.SimpleFilter   : MAC Address: null
2025-10-20T15:00:36.668+01:00  INFO 28616 --- [medjool] [http-nio-8080-exec-9] c.example.medjool.filters.SimpleFilter   : Outgoing response with status: 200
2025-10-20T15:00:38.211+01:00  INFO 28616 --- [medjool] [http-nio-8080-exec-4] com.example.medjool.filters.JWTFilter    : authenticated user with email :Oussama.elmir@medjoolstar.com
2025-10-20T15:00:38.214+01:00  INFO 28616 --- [medjool] [http-nio-8080-exec-4] c.example.medjool.filters.SimpleFilter   : Incoming request: /api/order/get_allType of request:GET
2025-10-20T15:00:38.214+01:00  INFO 28616 --- [medjool] [http-nio-8080-exec-4] c.example.medjool.filters.SimpleFilter   : MAC Address: null
2025-10-20T15:00:38.531+01:00  INFO 28616 --- [medjool] [http-nio-8080-exec-4] c.example.medjool.filters.SimpleFilter   : Outgoing response with status: 200
2025-10-20T15:00:38.545+01:00  INFO 28616 --- [medjool] [http-nio-8080-exec-1] com.example.medjool.filters.JWTFilter    : authenticated user with email :Oussama.elmir@medjoolstar.com
2025-10-20T15:00:38.545+01:00  INFO 28616 --- [medjool] [http-nio-8080-exec-1] c.example.medjool.filters.SimpleFilter   : Incoming request: /api/order/get_allType of request:GET
2025-10-20T15:00:38.545+01:00  INFO 28616 --- [medjool] [http-nio-8080-exec-1] c.example.medjool.filters.SimpleFilter   : MAC Address: null
2025-10-20T15:00:38.591+01:00  INFO 28616 --- [medjool] [http-nio-8080-exec-1] c.example.medjool.filters.SimpleFilter   : Outgoing response with status: 200
2025-10-20T15:00:39.094+01:00  INFO 28616 --- [medjool] [http-nio-8080-exec-5] com.example.medjool.filters.JWTFilter    : authenticated user with email :Oussama.elmir@medjoolstar.com
2025-10-20T15:00:39.095+01:00  INFO 28616 --- [medjool] [http-nio-8080-exec-5] c.example.medjool.filters.SimpleFilter   : Incoming request: /api/configuration/pallet/get_allType of request:GET
2025-10-20T15:00:39.095+01:00  INFO 28616 --- [medjool] [http-nio-8080-exec-5] c.example.medjool.filters.SimpleFilter   : MAC Address: null
2025-10-20T15:00:39.097+01:00  INFO 28616 --- [medjool] [http-nio-8080-exec-8] com.example.medjool.filters.JWTFilter    : authenticated user with email :Oussama.elmir@medjoolstar.com
2025-10-20T15:00:39.098+01:00  INFO 28616 --- [medjool] [http-nio-8080-exec-8] c.example.medjool.filters.SimpleFilter   : Incoming request: /api/configuration/client/get_allType of request:GET
2025-10-20T15:00:39.098+01:00  INFO 28616 --- [medjool] [http-nio-8080-exec-8] c.example.medjool.filters.SimpleFilter   : MAC Address: null
2025-10-20T15:00:39.102+01:00  INFO 28616 --- [medjool] [http-nio-8080-exec-10] com.example.medjool.filters.JWTFilter    : authenticated user with email :Oussama.elmir@medjoolstar.com
2025-10-20T15:00:39.103+01:00  INFO 28616 --- [medjool] [http-nio-8080-exec-10] c.example.medjool.filters.SimpleFilter   : Incoming request: /api/stock/get_allType of request:GET
2025-10-20T15:00:39.103+01:00  INFO 28616 --- [medjool] [http-nio-8080-exec-10] c.example.medjool.filters.SimpleFilter   : MAC Address: null
2025-10-20T15:00:39.107+01:00  INFO 28616 --- [medjool] [http-nio-8080-exec-5] c.example.medjool.filters.SimpleFilter   : Outgoing response with status: 200
2025-10-20T15:00:39.118+01:00  INFO 28616 --- [medjool] [http-nio-8080-exec-2] com.example.medjool.filters.JWTFilter    : authenticated user with email :Oussama.elmir@medjoolstar.com
2025-10-20T15:00:39.119+01:00  INFO 28616 --- [medjool] [http-nio-8080-exec-2] c.example.medjool.filters.SimpleFilter   : Incoming request: /api/configuration/pallet/get_allType of request:GET
2025-10-20T15:00:39.119+01:00  INFO 28616 --- [medjool] [http-nio-8080-exec-2] c.example.medjool.filters.SimpleFilter   : MAC Address: null
2025-10-20T15:00:39.120+01:00  INFO 28616 --- [medjool] [http-nio-8080-exec-10] c.example.medjool.filters.SimpleFilter   : Outgoing response with status: 200
2025-10-20T15:00:39.126+01:00  INFO 28616 --- [medjool] [http-nio-8080-exec-2] c.example.medjool.filters.SimpleFilter   : Outgoing response with status: 200
2025-10-20T15:00:39.126+01:00  INFO 28616 --- [medjool] [http-nio-8080-exec-4] com.example.medjool.filters.JWTFilter    : authenticated user with email :Oussama.elmir@medjoolstar.com
2025-10-20T15:00:39.126+01:00  INFO 28616 --- [medjool] [http-nio-8080-exec-4] c.example.medjool.filters.SimpleFilter   : Incoming request: /api/stock/get_allType of request:GET
2025-10-20T15:00:39.126+01:00  INFO 28616 --- [medjool] [http-nio-8080-exec-4] c.example.medjool.filters.SimpleFilter   : MAC Address: null
2025-10-20T15:00:39.126+01:00  INFO 28616 --- [medjool] [http-nio-8080-exec-1] com.example.medjool.filters.JWTFilter    : authenticated user with email :Oussama.elmir@medjoolstar.com
2025-10-20T15:00:39.137+01:00  INFO 28616 --- [medjool] [http-nio-8080-exec-1] c.example.medjool.filters.SimpleFilter   : Incoming request: /api/configuration/pallet/get_allType of request:GET
2025-10-20T15:00:39.137+01:00  INFO 28616 --- [medjool] [http-nio-8080-exec-1] c.example.medjool.filters.SimpleFilter   : MAC Address: null
2025-10-20T15:00:39.142+01:00  INFO 28616 --- [medjool] [http-nio-8080-exec-4] c.example.medjool.filters.SimpleFilter   : Outgoing response with status: 200
2025-10-20T15:00:39.144+01:00  INFO 28616 --- [medjool] [http-nio-8080-exec-1] c.example.medjool.filters.SimpleFilter   : Outgoing response with status: 200
2025-10-20T15:00:39.144+01:00  INFO 28616 --- [medjool] [http-nio-8080-exec-3] com.example.medjool.filters.JWTFilter    : authenticated user with email :Oussama.elmir@medjoolstar.com
2025-10-20T15:00:39.153+01:00  INFO 28616 --- [medjool] [http-nio-8080-exec-3] c.example.medjool.filters.SimpleFilter   : Incoming request: /api/stock/get_allType of request:GET
2025-10-20T15:00:39.153+01:00  INFO 28616 --- [medjool] [http-nio-8080-exec-3] c.example.medjool.filters.SimpleFilter   : MAC Address: null
2025-10-20T15:00:39.155+01:00  INFO 28616 --- [medjool] [http-nio-8080-exec-8] c.example.medjool.filters.SimpleFilter   : Outgoing response with status: 200
2025-10-20T15:00:39.157+01:00  INFO 28616 --- [medjool] [http-nio-8080-exec-7] com.example.medjool.filters.JWTFilter    : authenticated user with email :Oussama.elmir@medjoolstar.com
2025-10-20T15:00:39.157+01:00  INFO 28616 --- [medjool] [http-nio-8080-exec-7] c.example.medjool.filters.SimpleFilter   : Incoming request: /api/configuration/pallet/get_allType of request:GET
2025-10-20T15:00:39.157+01:00  INFO 28616 --- [medjool] [http-nio-8080-exec-7] c.example.medjool.filters.SimpleFilter   : MAC Address: null
2025-10-20T15:00:39.162+01:00  INFO 28616 --- [medjool] [http-nio-8080-exec-3] c.example.medjool.filters.SimpleFilter   : Outgoing response with status: 200
2025-10-20T15:00:39.166+01:00  INFO 28616 --- [medjool] [http-nio-8080-exec-7] c.example.medjool.filters.SimpleFilter   : Outgoing response with status: 200
2025-10-20T15:00:39.168+01:00  INFO 28616 --- [medjool] [http-nio-8080-exec-6] com.example.medjool.filters.JWTFilter    : authenticated user with email :Oussama.elmir@medjoolstar.com
2025-10-20T15:00:39.169+01:00  INFO 28616 --- [medjool] [http-nio-8080-exec-6] c.example.medjool.filters.SimpleFilter   : Incoming request: /api/configuration/client/get_allType of request:GET
2025-10-20T15:00:39.170+01:00  INFO 28616 --- [medjool] [http-nio-8080-exec-6] c.example.medjool.filters.SimpleFilter   : MAC Address: null
2025-10-20T15:00:39.170+01:00  INFO 28616 --- [medjool] [http-nio-8080-exec-9] com.example.medjool.filters.JWTFilter    : authenticated user with email :Oussama.elmir@medjoolstar.com
2025-10-20T15:00:39.170+01:00  INFO 28616 --- [medjool] [http-nio-8080-exec-9] c.example.medjool.filters.SimpleFilter   : Incoming request: /api/stock/get_allType of request:GET
2025-10-20T15:00:39.170+01:00  INFO 28616 --- [medjool] [http-nio-8080-exec-9] c.example.medjool.filters.SimpleFilter   : MAC Address: null
2025-10-20T15:00:39.184+01:00  INFO 28616 --- [medjool] [http-nio-8080-exec-6] c.example.medjool.filters.SimpleFilter   : Outgoing response with status: 200
2025-10-20T15:00:39.193+01:00  INFO 28616 --- [medjool] [http-nio-8080-exec-9] c.example.medjool.filters.SimpleFilter   : Outgoing response with status: 200
2025-10-20T15:00:39.199+01:00  INFO 28616 --- [medjool] [http-nio-8080-exec-5] com.example.medjool.filters.JWTFilter    : authenticated user with email :Oussama.elmir@medjoolstar.com
2025-10-20T15:00:39.201+01:00  INFO 28616 --- [medjool] [http-nio-8080-exec-5] c.example.medjool.filters.SimpleFilter   : Incoming request: /api/configuration/pallet/get_allType of request:GET
2025-10-20T15:00:39.201+01:00  INFO 28616 --- [medjool] [http-nio-8080-exec-5] c.example.medjool.filters.SimpleFilter   : MAC Address: null
2025-10-20T15:00:39.208+01:00  INFO 28616 --- [medjool] [http-nio-8080-exec-10] com.example.medjool.filters.JWTFilter    : authenticated user with email :Oussama.elmir@medjoolstar.com
2025-10-20T15:00:39.209+01:00  INFO 28616 --- [medjool] [http-nio-8080-exec-10] c.example.medjool.filters.SimpleFilter   : Incoming request: /api/stock/get_allType of request:GET
2025-10-20T15:00:39.210+01:00  INFO 28616 --- [medjool] [http-nio-8080-exec-10] c.example.medjool.filters.SimpleFilter   : MAC Address: null
2025-10-20T15:00:39.210+01:00  INFO 28616 --- [medjool] [http-nio-8080-exec-5] c.example.medjool.filters.SimpleFilter   : Outgoing response with status: 200
2025-10-20T15:00:39.222+01:00  INFO 28616 --- [medjool] [http-nio-8080-exec-10] c.example.medjool.filters.SimpleFilter   : Outgoing response with status: 200
2025-10-20T15:00:39.224+01:00  INFO 28616 --- [medjool] [http-nio-8080-exec-2] com.example.medjool.filters.JWTFilter    : authenticated user with email :Oussama.elmir@medjoolstar.com
2025-10-20T15:00:39.224+01:00  INFO 28616 --- [medjool] [http-nio-8080-exec-2] c.example.medjool.filters.SimpleFilter   : Incoming request: /api/configuration/pallet/get_allType of request:GET
2025-10-20T15:00:39.225+01:00  INFO 28616 --- [medjool] [http-nio-8080-exec-2] c.example.medjool.filters.SimpleFilter   : MAC Address: null
2025-10-20T15:00:39.231+01:00  INFO 28616 --- [medjool] [http-nio-8080-exec-4] com.example.medjool.filters.JWTFilter    : authenticated user with email :Oussama.elmir@medjoolstar.com
2025-10-20T15:00:39.231+01:00  INFO 28616 --- [medjool] [http-nio-8080-exec-2] c.example.medjool.filters.SimpleFilter   : Outgoing response with status: 200
2025-10-20T15:00:39.231+01:00  INFO 28616 --- [medjool] [http-nio-8080-exec-4] c.example.medjool.filters.SimpleFilter   : Incoming request: /api/stock/get_allType of request:GET
2025-10-20T15:00:39.231+01:00  INFO 28616 --- [medjool] [http-nio-8080-exec-4] c.example.medjool.filters.SimpleFilter   : MAC Address: null
2025-10-20T15:00:39.241+01:00  INFO 28616 --- [medjool] [http-nio-8080-exec-4] c.example.medjool.filters.SimpleFilter   : Outgoing response with status: 200
2025-10-20T15:00:41.564+01:00  INFO 28616 --- [medjool] [http-nio-8080-exec-7] com.example.medjool.filters.JWTFilter    : authenticated user with email :Oussama.elmir@medjoolstar.com
2025-10-20T15:00:41.564+01:00  INFO 28616 --- [medjool] [http-nio-8080-exec-7] c.example.medjool.filters.SimpleFilter   : Incoming request: /api/stock/get_allType of request:GET
2025-10-20T15:00:41.564+01:00  INFO 28616 --- [medjool] [http-nio-8080-exec-3] com.example.medjool.filters.JWTFilter    : authenticated user with email :Oussama.elmir@medjoolstar.com
2025-10-20T15:00:41.564+01:00  INFO 28616 --- [medjool] [http-nio-8080-exec-7] c.example.medjool.filters.SimpleFilter   : MAC Address: null
2025-10-20T15:00:41.565+01:00  INFO 28616 --- [medjool] [http-nio-8080-exec-3] c.example.medjool.filters.SimpleFilter   : Incoming request: /api/configuration/pallet/get_allType of request:GET
2025-10-20T15:00:41.565+01:00  INFO 28616 --- [medjool] [http-nio-8080-exec-3] c.example.medjool.filters.SimpleFilter   : MAC Address: null
2025-10-20T15:00:41.566+01:00  INFO 28616 --- [medjool] [http-nio-8080-exec-8] com.example.medjool.filters.JWTFilter    : authenticated user with email :Oussama.elmir@medjoolstar.com
2025-10-20T15:00:41.566+01:00  INFO 28616 --- [medjool] [http-nio-8080-exec-8] c.example.medjool.filters.SimpleFilter   : Incoming request: /api/configuration/client/get_allType of request:GET
2025-10-20T15:00:41.566+01:00  INFO 28616 --- [medjool] [http-nio-8080-exec-8] c.example.medjool.filters.SimpleFilter   : MAC Address: null
2025-10-20T15:00:41.572+01:00  INFO 28616 --- [medjool] [http-nio-8080-exec-3] c.example.medjool.filters.SimpleFilter   : Outgoing response with status: 200
2025-10-20T15:00:41.575+01:00  INFO 28616 --- [medjool] [http-nio-8080-exec-7] c.example.medjool.filters.SimpleFilter   : Outgoing response with status: 200
2025-10-20T15:00:41.576+01:00  INFO 28616 --- [medjool] [http-nio-8080-exec-6] com.example.medjool.filters.JWTFilter    : authenticated user with email :Oussama.elmir@medjoolstar.com
2025-10-20T15:00:41.577+01:00  INFO 28616 --- [medjool] [http-nio-8080-exec-6] c.example.medjool.filters.SimpleFilter   : Incoming request: /api/configuration/client/addresses/OMA%20TradingType of request:GET
2025-10-20T15:00:41.577+01:00  INFO 28616 --- [medjool] [http-nio-8080-exec-6] c.example.medjool.filters.SimpleFilter   : MAC Address: null
2025-10-20T15:00:41.581+01:00  INFO 28616 --- [medjool] [http-nio-8080-exec-8] c.example.medjool.filters.SimpleFilter   : Outgoing response with status: 200
2025-10-20T15:00:41.608+01:00  INFO 28616 --- [medjool] [http-nio-8080-exec-6] c.example.medjool.filters.SimpleFilter   : Outgoing response with status: 200
2025-10-20T15:00:41.618+01:00  INFO 28616 --- [medjool] [http-nio-8080-exec-9] com.example.medjool.filters.JWTFilter    : authenticated user with email :Oussama.elmir@medjoolstar.com
2025-10-20T15:00:41.619+01:00  INFO 28616 --- [medjool] [http-nio-8080-exec-9] c.example.medjool.filters.SimpleFilter   : Incoming request: /api/configuration/client/addresses/OMA%20TradingType of request:GET
2025-10-20T15:00:41.619+01:00  INFO 28616 --- [medjool] [http-nio-8080-exec-9] c.example.medjool.filters.SimpleFilter   : MAC Address: null
2025-10-20T15:00:41.623+01:00  INFO 28616 --- [medjool] [http-nio-8080-exec-9] c.example.medjool.filters.SimpleFilter   : Outgoing response with status: 200
2025-10-20T15:00:41.644+01:00  INFO 28616 --- [medjool] [http-nio-8080-exec-10] com.example.medjool.filters.JWTFilter    : authenticated user with email :Oussama.elmir@medjoolstar.com
2025-10-20T15:00:41.644+01:00  INFO 28616 --- [medjool] [http-nio-8080-exec-5] com.example.medjool.filters.JWTFilter    : authenticated user with email :Oussama.elmir@medjoolstar.com
2025-10-20T15:00:41.645+01:00  INFO 28616 --- [medjool] [http-nio-8080-exec-10] c.example.medjool.filters.SimpleFilter   : Incoming request: /api/stock/get_allType of request:GET
2025-10-20T15:00:41.645+01:00  INFO 28616 --- [medjool] [http-nio-8080-exec-10] c.example.medjool.filters.SimpleFilter   : MAC Address: null
2025-10-20T15:00:41.645+01:00  INFO 28616 --- [medjool] [http-nio-8080-exec-5] c.example.medjool.filters.SimpleFilter   : Incoming request: /api/configuration/pallet/get_allType of request:GET
2025-10-20T15:00:41.645+01:00  INFO 28616 --- [medjool] [http-nio-8080-exec-5] c.example.medjool.filters.SimpleFilter   : MAC Address: null
2025-10-20T15:00:41.652+01:00  INFO 28616 --- [medjool] [http-nio-8080-exec-10] c.example.medjool.filters.SimpleFilter   : Outgoing response with status: 200
2025-10-20T15:00:41.654+01:00  INFO 28616 --- [medjool] [http-nio-8080-exec-5] c.example.medjool.filters.SimpleFilter   : Outgoing response with status: 200
2025-10-20T15:00:41.666+01:00  INFO 28616 --- [medjool] [http-nio-8080-exec-4] com.example.medjool.filters.JWTFilter    : authenticated user with email :Oussama.elmir@medjoolstar.com
2025-10-20T15:00:41.666+01:00  INFO 28616 --- [medjool] [http-nio-8080-exec-2] com.example.medjool.filters.JWTFilter    : authenticated user with email :Oussama.elmir@medjoolstar.com
2025-10-20T15:00:41.666+01:00  INFO 28616 --- [medjool] [http-nio-8080-exec-4] c.example.medjool.filters.SimpleFilter   : Incoming request: /api/configuration/pallet/get_allType of request:GET
2025-10-20T15:00:41.666+01:00  INFO 28616 --- [medjool] [http-nio-8080-exec-4] c.example.medjool.filters.SimpleFilter   : MAC Address: null
2025-10-20T15:00:41.666+01:00  INFO 28616 --- [medjool] [http-nio-8080-exec-2] c.example.medjool.filters.SimpleFilter   : Incoming request: /api/stock/get_allType of request:GET
2025-10-20T15:00:41.667+01:00  INFO 28616 --- [medjool] [http-nio-8080-exec-2] c.example.medjool.filters.SimpleFilter   : MAC Address: null
2025-10-20T15:00:41.672+01:00  INFO 28616 --- [medjool] [http-nio-8080-exec-4] c.example.medjool.filters.SimpleFilter   : Outgoing response with status: 200
2025-10-20T15:00:41.672+01:00  INFO 28616 --- [medjool] [http-nio-8080-exec-2] c.example.medjool.filters.SimpleFilter   : Outgoing response with status: 200
2025-10-20T15:09:20.165+01:00  INFO 28616 --- [medjool] [http-nio-8080-exec-2] com.example.medjool.filters.JWTFilter    : authenticated user with email :Oussama.elmir@medjoolstar.com
2025-10-20T15:09:20.165+01:00  INFO 28616 --- [medjool] [http-nio-8080-exec-4] com.example.medjool.filters.JWTFilter    : authenticated user with email :Oussama.elmir@medjoolstar.com
2025-10-20T15:09:20.165+01:00  INFO 28616 --- [medjool] [http-nio-8080-exec-7] com.example.medjool.filters.JWTFilter    : authenticated user with email :Oussama.elmir@medjoolstar.com
2025-10-20T15:09:20.167+01:00  INFO 28616 --- [medjool] [http-nio-8080-exec-7] c.example.medjool.filters.SimpleFilter   : Incoming request: /api/configuration/pallet/get_allType of request:GET
2025-10-20T15:09:20.167+01:00  INFO 28616 --- [medjool] [http-nio-8080-exec-4] c.example.medjool.filters.SimpleFilter   : Incoming request: /api/alertType of request:GET
2025-10-20T15:09:20.167+01:00  INFO 28616 --- [medjool] [http-nio-8080-exec-2] c.example.medjool.filters.SimpleFilter   : Incoming request: /api/order/get_allType of request:GET
2025-10-20T15:09:20.167+01:00  INFO 28616 --- [medjool] [http-nio-8080-exec-4] c.example.medjool.filters.SimpleFilter   : MAC Address: null
2025-10-20T15:09:20.167+01:00  INFO 28616 --- [medjool] [http-nio-8080-exec-7] c.example.medjool.filters.SimpleFilter   : MAC Address: null
2025-10-20T15:09:20.167+01:00  INFO 28616 --- [medjool] [http-nio-8080-exec-2] c.example.medjool.filters.SimpleFilter   : MAC Address: null
2025-10-20T15:09:20.187+01:00  INFO 28616 --- [medjool] [http-nio-8080-exec-4] c.example.medjool.filters.SimpleFilter   : Outgoing response with status: 200
2025-10-20T15:09:20.194+01:00  INFO 28616 --- [medjool] [http-nio-8080-exec-7] c.example.medjool.filters.SimpleFilter   : Outgoing response with status: 200
2025-10-20T15:09:20.199+01:00  INFO 28616 --- [medjool] [http-nio-8080-exec-3] com.example.medjool.filters.JWTFilter    : authenticated user with email :Oussama.elmir@medjoolstar.com
2025-10-20T15:09:20.199+01:00  INFO 28616 --- [medjool] [http-nio-8080-exec-3] c.example.medjool.filters.SimpleFilter   : Incoming request: /api/alertType of request:GET
2025-10-20T15:09:20.199+01:00  INFO 28616 --- [medjool] [http-nio-8080-exec-3] c.example.medjool.filters.SimpleFilter   : MAC Address: null
2025-10-20T15:09:20.204+01:00  INFO 28616 --- [medjool] [http-nio-8080-exec-3] c.example.medjool.filters.SimpleFilter   : Outgoing response with status: 200
2025-10-20T15:09:20.205+01:00  INFO 28616 --- [medjool] [http-nio-8080-exec-1] com.example.medjool.filters.JWTFilter    : authenticated user with email :Oussama.elmir@medjoolstar.com
2025-10-20T15:09:20.206+01:00  INFO 28616 --- [medjool] [http-nio-8080-exec-1] c.example.medjool.filters.SimpleFilter   : Incoming request: /api/configuration/pallet/get_allType of request:GET
2025-10-20T15:09:20.206+01:00  INFO 28616 --- [medjool] [http-nio-8080-exec-1] c.example.medjool.filters.SimpleFilter   : MAC Address: null
2025-10-20T15:09:20.212+01:00  INFO 28616 --- [medjool] [http-nio-8080-exec-1] c.example.medjool.filters.SimpleFilter   : Outgoing response with status: 200
2025-10-20T15:09:20.216+01:00  INFO 28616 --- [medjool] [http-nio-8080-exec-5] com.example.medjool.filters.JWTFilter    : authenticated user with email :Oussama.elmir@medjoolstar.com
2025-10-20T15:09:20.216+01:00  INFO 28616 --- [medjool] [http-nio-8080-exec-5] c.example.medjool.filters.SimpleFilter   : Incoming request: /api/alertType of request:GET
2025-10-20T15:09:20.217+01:00  INFO 28616 --- [medjool] [http-nio-8080-exec-5] c.example.medjool.filters.SimpleFilter   : MAC Address: null
2025-10-20T15:09:20.222+01:00  INFO 28616 --- [medjool] [http-nio-8080-exec-5] c.example.medjool.filters.SimpleFilter   : Outgoing response with status: 200
2025-10-20T15:09:20.236+01:00  INFO 28616 --- [medjool] [http-nio-8080-exec-9] com.example.medjool.filters.JWTFilter    : authenticated user with email :Oussama.elmir@medjoolstar.com
2025-10-20T15:09:20.237+01:00  INFO 28616 --- [medjool] [http-nio-8080-exec-9] c.example.medjool.filters.SimpleFilter   : Incoming request: /api/alertType of request:GET
2025-10-20T15:09:20.237+01:00  INFO 28616 --- [medjool] [http-nio-8080-exec-9] c.example.medjool.filters.SimpleFilter   : MAC Address: null
2025-10-20T15:09:20.237+01:00  INFO 28616 --- [medjool] [http-nio-8080-exec-2] c.example.medjool.filters.SimpleFilter   : Outgoing response with status: 200
2025-10-20T15:09:20.242+01:00  INFO 28616 --- [medjool] [http-nio-8080-exec-9] c.example.medjool.filters.SimpleFilter   : Outgoing response with status: 200
2025-10-20T15:09:20.257+01:00  INFO 28616 --- [medjool] [http-nio-8080-exec-10] com.example.medjool.filters.JWTFilter    : authenticated user with email :Oussama.elmir@medjoolstar.com
2025-10-20T15:09:20.257+01:00  INFO 28616 --- [medjool] [http-nio-8080-exec-10] c.example.medjool.filters.SimpleFilter   : Incoming request: /api/order/get_allType of request:GET
2025-10-20T15:09:20.257+01:00  INFO 28616 --- [medjool] [http-nio-8080-exec-10] c.example.medjool.filters.SimpleFilter   : MAC Address: null
2025-10-20T15:09:20.291+01:00  INFO 28616 --- [medjool] [http-nio-8080-exec-10] c.example.medjool.filters.SimpleFilter   : Outgoing response with status: 200
2025-10-20T15:09:20.307+01:00  INFO 28616 --- [medjool] [http-nio-8080-exec-6] com.example.medjool.filters.JWTFilter    : authenticated user with email :Oussama.elmir@medjoolstar.com
2025-10-20T15:09:20.309+01:00  INFO 28616 --- [medjool] [http-nio-8080-exec-6] c.example.medjool.filters.SimpleFilter   : Incoming request: /api/order/get_allType of request:GET
2025-10-20T15:09:20.309+01:00  INFO 28616 --- [medjool] [http-nio-8080-exec-6] c.example.medjool.filters.SimpleFilter   : MAC Address: null
2025-10-20T15:09:20.333+01:00  INFO 28616 --- [medjool] [http-nio-8080-exec-6] c.example.medjool.filters.SimpleFilter   : Outgoing response with status: 200
2025-10-20T15:09:20.347+01:00  INFO 28616 --- [medjool] [http-nio-8080-exec-8] com.example.medjool.filters.JWTFilter    : authenticated user with email :Oussama.elmir@medjoolstar.com
2025-10-20T15:09:20.348+01:00  INFO 28616 --- [medjool] [http-nio-8080-exec-8] c.example.medjool.filters.SimpleFilter   : Incoming request: /api/order/get_allType of request:GET
2025-10-20T15:09:20.349+01:00  INFO 28616 --- [medjool] [http-nio-8080-exec-8] c.example.medjool.filters.SimpleFilter   : MAC Address: null
2025-10-20T15:09:20.373+01:00  INFO 28616 --- [medjool] [http-nio-8080-exec-8] c.example.medjool.filters.SimpleFilter   : Outgoing response with status: 200
2025-10-20T15:09:23.598+01:00  INFO 28616 --- [medjool] [http-nio-8080-exec-4] com.example.medjool.filters.JWTFilter    : authenticated user with email :Oussama.elmir@medjoolstar.com
2025-10-20T15:09:23.599+01:00  INFO 28616 --- [medjool] [http-nio-8080-exec-4] c.example.medjool.filters.SimpleFilter   : Incoming request: /api/configuration/pallet/get_allType of request:GET
2025-10-20T15:09:23.599+01:00  INFO 28616 --- [medjool] [http-nio-8080-exec-4] c.example.medjool.filters.SimpleFilter   : MAC Address: null
2025-10-20T15:09:23.608+01:00  INFO 28616 --- [medjool] [http-nio-8080-exec-4] c.example.medjool.filters.SimpleFilter   : Outgoing response with status: 200
2025-10-20T15:09:23.617+01:00  INFO 28616 --- [medjool] [http-nio-8080-exec-7] com.example.medjool.filters.JWTFilter    : authenticated user with email :Oussama.elmir@medjoolstar.com
2025-10-20T15:09:23.618+01:00  INFO 28616 --- [medjool] [http-nio-8080-exec-7] c.example.medjool.filters.SimpleFilter   : Incoming request: /api/configuration/pallet/get_allType of request:GET
2025-10-20T15:09:23.618+01:00  INFO 28616 --- [medjool] [http-nio-8080-exec-7] c.example.medjool.filters.SimpleFilter   : MAC Address: null
2025-10-20T15:09:23.624+01:00  INFO 28616 --- [medjool] [http-nio-8080-exec-7] c.example.medjool.filters.SimpleFilter   : Outgoing response with status: 200
2025-10-20T15:09:25.260+01:00  INFO 28616 --- [medjool] [http-nio-8080-exec-3] com.example.medjool.filters.JWTFilter    : authenticated user with email :Oussama.elmir@medjoolstar.com
2025-10-20T15:09:25.261+01:00  INFO 28616 --- [medjool] [http-nio-8080-exec-3] c.example.medjool.filters.SimpleFilter   : Incoming request: /api/alertType of request:GET
2025-10-20T15:09:25.261+01:00  INFO 28616 --- [medjool] [http-nio-8080-exec-3] c.example.medjool.filters.SimpleFilter   : MAC Address: null
2025-10-20T15:09:25.265+01:00  INFO 28616 --- [medjool] [http-nio-8080-exec-3] c.example.medjool.filters.SimpleFilter   : Outgoing response with status: 200
2025-10-20T15:09:25.277+01:00  INFO 28616 --- [medjool] [http-nio-8080-exec-1] com.example.medjool.filters.JWTFilter    : authenticated user with email :Oussama.elmir@medjoolstar.com
2025-10-20T15:09:25.278+01:00  INFO 28616 --- [medjool] [http-nio-8080-exec-1] c.example.medjool.filters.SimpleFilter   : Incoming request: /api/alertType of request:GET
2025-10-20T15:09:25.278+01:00  INFO 28616 --- [medjool] [http-nio-8080-exec-1] c.example.medjool.filters.SimpleFilter   : MAC Address: null
2025-10-20T15:09:25.284+01:00  INFO 28616 --- [medjool] [http-nio-8080-exec-1] c.example.medjool.filters.SimpleFilter   : Outgoing response with status: 200
2025-10-20T15:10:59.317+01:00  INFO 28616 --- [medjool] [http-nio-8080-exec-8] com.example.medjool.filters.JWTFilter    : authenticated user with email :Oussama.elmir@medjoolstar.com
2025-10-20T15:10:59.318+01:00  INFO 28616 --- [medjool] [http-nio-8080-exec-8] c.example.medjool.filters.SimpleFilter   : Incoming request: /api/alertType of request:GET
2025-10-20T15:10:59.319+01:00  INFO 28616 --- [medjool] [http-nio-8080-exec-8] c.example.medjool.filters.SimpleFilter   : MAC Address: null
2025-10-20T15:10:59.326+01:00  INFO 28616 --- [medjool] [http-nio-8080-exec-8] c.example.medjool.filters.SimpleFilter   : Outgoing response with status: 200
2025-10-20T15:10:59.356+01:00  INFO 28616 --- [medjool] [http-nio-8080-exec-4] com.example.medjool.filters.JWTFilter    : authenticated user with email :Oussama.elmir@medjoolstar.com
2025-10-20T15:10:59.357+01:00  INFO 28616 --- [medjool] [http-nio-8080-exec-4] c.example.medjool.filters.SimpleFilter   : Incoming request: /api/alertType of request:GET
2025-10-20T15:10:59.357+01:00  INFO 28616 --- [medjool] [http-nio-8080-exec-4] c.example.medjool.filters.SimpleFilter   : MAC Address: null
2025-10-20T15:10:59.363+01:00  INFO 28616 --- [medjool] [http-nio-8080-exec-4] c.example.medjool.filters.SimpleFilter   : Outgoing response with status: 200
2025-10-20T15:11:46.069+01:00  INFO 28616 --- [medjool] [http-nio-8080-exec-1] com.example.medjool.filters.JWTFilter    : authenticated user with email :Oussama.elmir@medjoolstar.com
2025-10-20T15:11:46.070+01:00  INFO 28616 --- [medjool] [http-nio-8080-exec-1] c.example.medjool.filters.SimpleFilter   : Incoming request: /api/configuration/pallet/newType of request:POST
2025-10-20T15:11:46.070+01:00  INFO 28616 --- [medjool] [http-nio-8080-exec-1] c.example.medjool.filters.SimpleFilter   : MAC Address: null
2025-10-20T15:11:46.157+01:00  INFO 28616 --- [medjool] [http-nio-8080-exec-1] c.example.medjool.filters.SimpleFilter   : Outgoing response with status: 200
2025-10-20T15:11:48.189+01:00  INFO 28616 --- [medjool] [http-nio-8080-exec-5] com.example.medjool.filters.JWTFilter    : authenticated user with email :Oussama.elmir@medjoolstar.com
2025-10-20T15:11:48.190+01:00  INFO 28616 --- [medjool] [http-nio-8080-exec-5] c.example.medjool.filters.SimpleFilter   : Incoming request: /api/configuration/pallet/get_allType of request:GET
2025-10-20T15:11:48.190+01:00  INFO 28616 --- [medjool] [http-nio-8080-exec-5] c.example.medjool.filters.SimpleFilter   : MAC Address: null
2025-10-20T15:11:48.195+01:00  INFO 28616 --- [medjool] [http-nio-8080-exec-5] c.example.medjool.filters.SimpleFilter   : Outgoing response with status: 200
2025-10-20T15:11:48.204+01:00  INFO 28616 --- [medjool] [http-nio-8080-exec-9] com.example.medjool.filters.JWTFilter    : authenticated user with email :Oussama.elmir@medjoolstar.com
2025-10-20T15:11:48.205+01:00  INFO 28616 --- [medjool] [http-nio-8080-exec-9] c.example.medjool.filters.SimpleFilter   : Incoming request: /api/configuration/pallet/get_allType of request:GET
2025-10-20T15:11:48.205+01:00  INFO 28616 --- [medjool] [http-nio-8080-exec-9] c.example.medjool.filters.SimpleFilter   : MAC Address: null
2025-10-20T15:11:48.212+01:00  INFO 28616 --- [medjool] [http-nio-8080-exec-9] c.example.medjool.filters.SimpleFilter   : Outgoing response with status: 200
2025-10-20T15:11:53.179+01:00  INFO 28616 --- [medjool] [http-nio-8080-exec-2] com.example.medjool.filters.JWTFilter    : authenticated user with email :Oussama.elmir@medjoolstar.com
2025-10-20T15:11:53.181+01:00  INFO 28616 --- [medjool] [http-nio-8080-exec-2] c.example.medjool.filters.SimpleFilter   : Incoming request: /api/alertType of request:GET
2025-10-20T15:11:53.181+01:00  INFO 28616 --- [medjool] [http-nio-8080-exec-2] c.example.medjool.filters.SimpleFilter   : MAC Address: null
2025-10-20T15:11:53.186+01:00  INFO 28616 --- [medjool] [http-nio-8080-exec-2] c.example.medjool.filters.SimpleFilter   : Outgoing response with status: 200
2025-10-20T15:11:53.195+01:00  INFO 28616 --- [medjool] [http-nio-8080-exec-10] com.example.medjool.filters.JWTFilter    : authenticated user with email :Oussama.elmir@medjoolstar.com
2025-10-20T15:11:53.196+01:00  INFO 28616 --- [medjool] [http-nio-8080-exec-10] c.example.medjool.filters.SimpleFilter   : Incoming request: /api/alertType of request:GET
2025-10-20T15:11:53.196+01:00  INFO 28616 --- [medjool] [http-nio-8080-exec-10] c.example.medjool.filters.SimpleFilter   : MAC Address: null
2025-10-20T15:11:53.200+01:00  INFO 28616 --- [medjool] [http-nio-8080-exec-10] c.example.medjool.filters.SimpleFilter   : Outgoing response with status: 200
2025-10-20T15:12:23.201+01:00  INFO 28616 --- [medjool] [http-nio-8080-exec-6] com.example.medjool.filters.JWTFilter    : authenticated user with email :Oussama.elmir@medjoolstar.com
2025-10-20T15:12:23.202+01:00  INFO 28616 --- [medjool] [http-nio-8080-exec-6] c.example.medjool.filters.SimpleFilter   : Incoming request: /api/alertType of request:GET
2025-10-20T15:12:23.202+01:00  INFO 28616 --- [medjool] [http-nio-8080-exec-6] c.example.medjool.filters.SimpleFilter   : MAC Address: null
2025-10-20T15:12:23.206+01:00  INFO 28616 --- [medjool] [http-nio-8080-exec-6] c.example.medjool.filters.SimpleFilter   : Outgoing response with status: 200
2025-10-20T15:12:53.197+01:00  INFO 28616 --- [medjool] [http-nio-8080-exec-8] com.example.medjool.filters.JWTFilter    : authenticated user with email :Oussama.elmir@medjoolstar.com
2025-10-20T15:12:53.198+01:00  INFO 28616 --- [medjool] [http-nio-8080-exec-8] c.example.medjool.filters.SimpleFilter   : Incoming request: /api/alertType of request:GET
2025-10-20T15:12:53.198+01:00  INFO 28616 --- [medjool] [http-nio-8080-exec-8] c.example.medjool.filters.SimpleFilter   : MAC Address: null
2025-10-20T15:12:53.205+01:00  INFO 28616 --- [medjool] [http-nio-8080-exec-8] c.example.medjool.filters.SimpleFilter   : Outgoing response with status: 200
2025-10-20T15:13:23.211+01:00  INFO 28616 --- [medjool] [http-nio-8080-exec-7] com.example.medjool.filters.JWTFilter    : authenticated user with email :Oussama.elmir@medjoolstar.com
2025-10-20T15:13:23.212+01:00  INFO 28616 --- [medjool] [http-nio-8080-exec-7] c.example.medjool.filters.SimpleFilter   : Incoming request: /api/alertType of request:GET
2025-10-20T15:13:23.213+01:00  INFO 28616 --- [medjool] [http-nio-8080-exec-7] c.example.medjool.filters.SimpleFilter   : MAC Address: null
2025-10-20T15:13:23.221+01:00  INFO 28616 --- [medjool] [http-nio-8080-exec-7] c.example.medjool.filters.SimpleFilter   : Outgoing response with status: 200
2025-10-20T15:13:53.198+01:00  INFO 28616 --- [medjool] [http-nio-8080-exec-1] com.example.medjool.filters.JWTFilter    : authenticated user with email :Oussama.elmir@medjoolstar.com
2025-10-20T15:13:53.199+01:00  INFO 28616 --- [medjool] [http-nio-8080-exec-1] c.example.medjool.filters.SimpleFilter   : Incoming request: /api/alertType of request:GET
2025-10-20T15:13:53.199+01:00  INFO 28616 --- [medjool] [http-nio-8080-exec-1] c.example.medjool.filters.SimpleFilter   : MAC Address: null
2025-10-20T15:13:53.204+01:00  INFO 28616 --- [medjool] [http-nio-8080-exec-1] c.example.medjool.filters.SimpleFilter   : Outgoing response with status: 200
2025-10-20T15:14:23.201+01:00  INFO 28616 --- [medjool] [http-nio-8080-exec-5] com.example.medjool.filters.JWTFilter    : authenticated user with email :Oussama.elmir@medjoolstar.com
2025-10-20T15:14:23.202+01:00  INFO 28616 --- [medjool] [http-nio-8080-exec-5] c.example.medjool.filters.SimpleFilter   : Incoming request: /api/alertType of request:GET
2025-10-20T15:14:23.202+01:00  INFO 28616 --- [medjool] [http-nio-8080-exec-5] c.example.medjool.filters.SimpleFilter   : MAC Address: null
2025-10-20T15:14:23.207+01:00  INFO 28616 --- [medjool] [http-nio-8080-exec-5] c.example.medjool.filters.SimpleFilter   : Outgoing response with status: 200
2025-10-20T15:14:53.267+01:00  INFO 28616 --- [medjool] [http-nio-8080-exec-9] com.example.medjool.filters.JWTFilter    : authenticated user with email :Oussama.elmir@medjoolstar.com
2025-10-20T15:14:53.268+01:00  INFO 28616 --- [medjool] [http-nio-8080-exec-9] c.example.medjool.filters.SimpleFilter   : Incoming request: /api/alertType of request:GET
2025-10-20T15:14:53.268+01:00  INFO 28616 --- [medjool] [http-nio-8080-exec-9] c.example.medjool.filters.SimpleFilter   : MAC Address: null
2025-10-20T15:14:53.272+01:00  INFO 28616 --- [medjool] [http-nio-8080-exec-9] c.example.medjool.filters.SimpleFilter   : Outgoing response with status: 200
2025-10-20T15:15:23.342+01:00  INFO 28616 --- [medjool] [http-nio-8080-exec-2] com.example.medjool.filters.JWTFilter    : authenticated user with email :Oussama.elmir@medjoolstar.com
2025-10-20T15:15:23.342+01:00  INFO 28616 --- [medjool] [http-nio-8080-exec-2] c.example.medjool.filters.SimpleFilter   : Incoming request: /api/alertType of request:GET
2025-10-20T15:15:23.343+01:00  INFO 28616 --- [medjool] [http-nio-8080-exec-2] c.example.medjool.filters.SimpleFilter   : MAC Address: null
2025-10-20T15:15:23.350+01:00  INFO 28616 --- [medjool] [http-nio-8080-exec-2] c.example.medjool.filters.SimpleFilter   : Outgoing response with status: 200
2025-10-20T15:15:55.025+01:00  INFO 28616 --- [medjool] [http-nio-8080-exec-10] com.example.medjool.filters.JWTFilter    : authenticated user with email :Oussama.elmir@medjoolstar.com
2025-10-20T15:15:55.026+01:00  INFO 28616 --- [medjool] [http-nio-8080-exec-10] c.example.medjool.filters.SimpleFilter   : Incoming request: /api/alertType of request:GET
2025-10-20T15:15:55.026+01:00  INFO 28616 --- [medjool] [http-nio-8080-exec-10] c.example.medjool.filters.SimpleFilter   : MAC Address: null
2025-10-20T15:15:55.035+01:00  INFO 28616 --- [medjool] [http-nio-8080-exec-10] c.example.medjool.filters.SimpleFilter   : Outgoing response with status: 200
2025-10-20T15:16:23.190+01:00  INFO 28616 --- [medjool] [http-nio-8080-exec-6] com.example.medjool.filters.JWTFilter    : authenticated user with email :Oussama.elmir@medjoolstar.com
2025-10-20T15:16:23.191+01:00  INFO 28616 --- [medjool] [http-nio-8080-exec-6] c.example.medjool.filters.SimpleFilter   : Incoming request: /api/alertType of request:GET
2025-10-20T15:16:23.191+01:00  INFO 28616 --- [medjool] [http-nio-8080-exec-6] c.example.medjool.filters.SimpleFilter   : MAC Address: null
2025-10-20T15:16:23.195+01:00  INFO 28616 --- [medjool] [http-nio-8080-exec-6] c.example.medjool.filters.SimpleFilter   : Outgoing response with status: 200
2025-10-20T15:16:53.210+01:00  INFO 28616 --- [medjool] [http-nio-8080-exec-8] com.example.medjool.filters.JWTFilter    : authenticated user with email :Oussama.elmir@medjoolstar.com
2025-10-20T15:16:53.210+01:00  INFO 28616 --- [medjool] [http-nio-8080-exec-8] c.example.medjool.filters.SimpleFilter   : Incoming request: /api/alertType of request:GET
2025-10-20T15:16:53.210+01:00  INFO 28616 --- [medjool] [http-nio-8080-exec-8] c.example.medjool.filters.SimpleFilter   : MAC Address: null
2025-10-20T15:16:53.218+01:00  INFO 28616 --- [medjool] [http-nio-8080-exec-8] c.example.medjool.filters.SimpleFilter   : Outgoing response with status: 200
2025-10-20T15:17:23.268+01:00  INFO 28616 --- [medjool] [http-nio-8080-exec-4] com.example.medjool.filters.JWTFilter    : authenticated user with email :Oussama.elmir@medjoolstar.com
2025-10-20T15:17:23.270+01:00  INFO 28616 --- [medjool] [http-nio-8080-exec-4] c.example.medjool.filters.SimpleFilter   : Incoming request: /api/alertType of request:GET
2025-10-20T15:17:23.270+01:00  INFO 28616 --- [medjool] [http-nio-8080-exec-4] c.example.medjool.filters.SimpleFilter   : MAC Address: null
2025-10-20T15:17:23.276+01:00  INFO 28616 --- [medjool] [http-nio-8080-exec-4] c.example.medjool.filters.SimpleFilter   : Outgoing response with status: 200
2025-10-20T15:17:53.273+01:00  INFO 28616 --- [medjool] [http-nio-8080-exec-3] com.example.medjool.filters.JWTFilter    : authenticated user with email :Oussama.elmir@medjoolstar.com
2025-10-20T15:17:53.273+01:00  INFO 28616 --- [medjool] [http-nio-8080-exec-3] c.example.medjool.filters.SimpleFilter   : Incoming request: /api/alertType of request:GET
2025-10-20T15:17:53.273+01:00  INFO 28616 --- [medjool] [http-nio-8080-exec-3] c.example.medjool.filters.SimpleFilter   : MAC Address: null
2025-10-20T15:17:53.281+01:00  INFO 28616 --- [medjool] [http-nio-8080-exec-3] c.example.medjool.filters.SimpleFilter   : Outgoing response with status: 200
2025-10-20T15:18:46.276+01:00  INFO 28616 --- [medjool] [http-nio-8080-exec-7] com.example.medjool.filters.JWTFilter    : authenticated user with email :Oussama.elmir@medjoolstar.com
2025-10-20T15:18:46.277+01:00  INFO 28616 --- [medjool] [http-nio-8080-exec-7] c.example.medjool.filters.SimpleFilter   : Incoming request: /api/alertType of request:GET
2025-10-20T15:18:46.277+01:00  INFO 28616 --- [medjool] [http-nio-8080-exec-7] c.example.medjool.filters.SimpleFilter   : MAC Address: null
2025-10-20T15:18:46.283+01:00  INFO 28616 --- [medjool] [http-nio-8080-exec-7] c.example.medjool.filters.SimpleFilter   : Outgoing response with status: 200
2025-10-20T15:19:46.280+01:00  INFO 28616 --- [medjool] [http-nio-8080-exec-1] com.example.medjool.filters.JWTFilter    : authenticated user with email :Oussama.elmir@medjoolstar.com
2025-10-20T15:19:46.284+01:00  INFO 28616 --- [medjool] [http-nio-8080-exec-1] c.example.medjool.filters.SimpleFilter   : Incoming request: /api/alertType of request:GET
2025-10-20T15:19:46.284+01:00  INFO 28616 --- [medjool] [http-nio-8080-exec-1] c.example.medjool.filters.SimpleFilter   : MAC Address: null
2025-10-20T15:19:46.289+01:00  INFO 28616 --- [medjool] [http-nio-8080-exec-1] c.example.medjool.filters.SimpleFilter   : Outgoing response with status: 200
2025-10-20T15:20:46.272+01:00  INFO 28616 --- [medjool] [http-nio-8080-exec-5] com.example.medjool.filters.JWTFilter    : authenticated user with email :Oussama.elmir@medjoolstar.com
2025-10-20T15:20:46.272+01:00  INFO 28616 --- [medjool] [http-nio-8080-exec-5] c.example.medjool.filters.SimpleFilter   : Incoming request: /api/alertType of request:GET
2025-10-20T15:20:46.273+01:00  INFO 28616 --- [medjool] [http-nio-8080-exec-5] c.example.medjool.filters.SimpleFilter   : MAC Address: null
2025-10-20T15:20:46.277+01:00  INFO 28616 --- [medjool] [http-nio-8080-exec-5] c.example.medjool.filters.SimpleFilter   : Outgoing response with status: 200
2025-10-20T15:21:46.273+01:00  INFO 28616 --- [medjool] [http-nio-8080-exec-9] com.example.medjool.filters.JWTFilter    : authenticated user with email :Oussama.elmir@medjoolstar.com
2025-10-20T15:21:46.273+01:00  INFO 28616 --- [medjool] [http-nio-8080-exec-9] c.example.medjool.filters.SimpleFilter   : Incoming request: /api/alertType of request:GET
2025-10-20T15:21:46.273+01:00  INFO 28616 --- [medjool] [http-nio-8080-exec-9] c.example.medjool.filters.SimpleFilter   : MAC Address: null
2025-10-20T15:21:46.276+01:00  INFO 28616 --- [medjool] [http-nio-8080-exec-9] c.example.medjool.filters.SimpleFilter   : Outgoing response with status: 200
2025-10-20T15:22:46.265+01:00  INFO 28616 --- [medjool] [http-nio-8080-exec-2] com.example.medjool.filters.JWTFilter    : authenticated user with email :Oussama.elmir@medjoolstar.com
2025-10-20T15:22:46.266+01:00  INFO 28616 --- [medjool] [http-nio-8080-exec-2] c.example.medjool.filters.SimpleFilter   : Incoming request: /api/alertType of request:GET
2025-10-20T15:22:46.266+01:00  INFO 28616 --- [medjool] [http-nio-8080-exec-2] c.example.medjool.filters.SimpleFilter   : MAC Address: null
2025-10-20T15:22:46.270+01:00  INFO 28616 --- [medjool] [http-nio-8080-exec-2] c.example.medjool.filters.SimpleFilter   : Outgoing response with status: 200
2025-10-20T15:23:46.279+01:00  INFO 28616 --- [medjool] [http-nio-8080-exec-10] com.example.medjool.filters.JWTFilter    : authenticated user with email :Oussama.elmir@medjoolstar.com
2025-10-20T15:23:46.280+01:00  INFO 28616 --- [medjool] [http-nio-8080-exec-10] c.example.medjool.filters.SimpleFilter   : Incoming request: /api/alertType of request:GET
2025-10-20T15:23:46.281+01:00  INFO 28616 --- [medjool] [http-nio-8080-exec-10] c.example.medjool.filters.SimpleFilter   : MAC Address: null
2025-10-20T15:23:46.287+01:00  INFO 28616 --- [medjool] [http-nio-8080-exec-10] c.example.medjool.filters.SimpleFilter   : Outgoing response with status: 200
2025-10-20T15:24:46.324+01:00  INFO 28616 --- [medjool] [http-nio-8080-exec-6] com.example.medjool.filters.JWTFilter    : authenticated user with email :Oussama.elmir@medjoolstar.com
2025-10-20T15:24:46.325+01:00  INFO 28616 --- [medjool] [http-nio-8080-exec-6] c.example.medjool.filters.SimpleFilter   : Incoming request: /api/alertType of request:GET
2025-10-20T15:24:46.325+01:00  INFO 28616 --- [medjool] [http-nio-8080-exec-6] c.example.medjool.filters.SimpleFilter   : MAC Address: null
2025-10-20T15:24:46.329+01:00  INFO 28616 --- [medjool] [http-nio-8080-exec-6] c.example.medjool.filters.SimpleFilter   : Outgoing response with status: 200
2025-10-20T15:25:12.921+01:00  INFO 28616 --- [medjool] [MessageBroker-1] o.s.w.s.c.WebSocketMessageBrokerStats    : WebSocketSession[0 current WS(0)-HttpStream(0)-HttpPoll(0), 0 total, 0 closed abnormally (0 connect failure, 0 send limit, 0 transport error)], stompSubProtocol[processed CONNECT(0)-CONNECTED(0)-DISCONNECT(0)], stompBrokerRelay[null], inboundChannel[pool size = 0, active threads = 0, queued tasks = 0, completed tasks = 0], outboundChannel[pool size = 0, active threads = 0, queued tasks = 0, completed tasks = 0], sockJsScheduler[pool size = 2, active threads = 1, queued tasks = 0, completed tasks = 1]
2025-10-20T15:25:46.264+01:00  INFO 28616 --- [medjool] [http-nio-8080-exec-8] com.example.medjool.filters.JWTFilter    : authenticated user with email :Oussama.elmir@medjoolstar.com
2025-10-20T15:25:46.265+01:00  INFO 28616 --- [medjool] [http-nio-8080-exec-8] c.example.medjool.filters.SimpleFilter   : Incoming request: /api/alertType of request:GET
2025-10-20T15:25:46.265+01:00  INFO 28616 --- [medjool] [http-nio-8080-exec-8] c.example.medjool.filters.SimpleFilter   : MAC Address: null
2025-10-20T15:25:46.269+01:00  INFO 28616 --- [medjool] [http-nio-8080-exec-8] c.example.medjool.filters.SimpleFilter   : Outgoing response with status: 200
2025-10-20T15:26:46.268+01:00  INFO 28616 --- [medjool] [http-nio-8080-exec-4] com.example.medjool.filters.JWTFilter    : authenticated user with email :Oussama.elmir@medjoolstar.com
2025-10-20T15:26:46.269+01:00  INFO 28616 --- [medjool] [http-nio-8080-exec-4] c.example.medjool.filters.SimpleFilter   : Incoming request: /api/alertType of request:GET
2025-10-20T15:26:46.269+01:00  INFO 28616 --- [medjool] [http-nio-8080-exec-4] c.example.medjool.filters.SimpleFilter   : MAC Address: null
2025-10-20T15:26:46.276+01:00  INFO 28616 --- [medjool] [http-nio-8080-exec-4] c.example.medjool.filters.SimpleFilter   : Outgoing response with status: 200
2025-10-20T18:59:07.380+01:00  WARN 28616 --- [medjool] [HikariPool-3 housekeeper] com.zaxxer.hikari.pool.HikariPool        : HikariPool-3 - Thread starvation or clock leap detected (housekeeper delta=3h14m59s317ms11µs500ns).
2025-10-20T19:07:40.746+01:00  INFO 28616 --- [medjool] [SpringApplicationShutdownHook] o.s.b.w.e.tomcat.GracefulShutdown        : Commencing graceful shutdown. Waiting for active requests to complete
2025-10-20T19:07:40.824+01:00  INFO 28616 --- [medjool] [tomcat-shutdown] o.s.b.w.e.tomcat.GracefulShutdown        : Graceful shutdown complete
2025-10-20T19:07:40.860+01:00  INFO 28616 --- [medjool] [SpringApplicationShutdownHook] o.s.m.s.b.SimpleBrokerMessageHandler     : Stopping...
2025-10-20T19:07:40.864+01:00  INFO 28616 --- [medjool] [SpringApplicationShutdownHook] o.s.m.s.b.SimpleBrokerMessageHandler     : BrokerAvailabilityEvent[available=false, SimpleBrokerMessageHandler [org.springframework.messaging.simp.broker.DefaultSubscriptionRegistry@6c6d276b]]
2025-10-20T19:07:40.865+01:00  INFO 28616 --- [medjool] [SpringApplicationShutdownHook] o.s.m.s.b.SimpleBrokerMessageHandler     : Stopped.
2025-10-20T19:07:40.899+01:00  INFO 28616 --- [medjool] [SpringApplicationShutdownHook] j.LocalContainerEntityManagerFactoryBean : Closing JPA EntityManagerFactory for persistence unit 'default'
2025-10-20T19:07:40.940+01:00  INFO 28616 --- [medjool] [SpringApplicationShutdownHook] com.zaxxer.hikari.HikariDataSource       : HikariPool-3 - Shutdown initiated...
2025-10-20T19:07:41.050+01:00  INFO 28616 --- [medjool] [SpringApplicationShutdownHook] com.zaxxer.hikari.HikariDataSource       : HikariPool-3 - Shutdown completed.
2026-05-15T13:05:10.835+01:00  INFO 81485 --- [medjool] [restartedMain] com.example.medjool.MedjoolApplication   : Starting MedjoolApplication using Java 17.0.15 with PID 81485 (/Volumes/ADATA/agrisales_back/target/classes started by salaheddine in /Volumes/ADATA/agrisales_back)
2026-05-15T13:05:10.837+01:00 DEBUG 81485 --- [medjool] [restartedMain] com.example.medjool.MedjoolApplication   : Running with Spring Boot v3.4.3, Spring v6.2.3
2026-05-15T13:05:10.837+01:00  INFO 81485 --- [medjool] [restartedMain] com.example.medjool.MedjoolApplication   : No active profile set, falling back to 1 default profile: "default"
2026-05-15T13:05:10.858+01:00  INFO 81485 --- [medjool] [restartedMain] .e.DevToolsPropertyDefaultsPostProcessor : Devtools property defaults active! Set 'spring.devtools.add-properties' to 'false' to disable
2026-05-15T13:05:10.858+01:00  INFO 81485 --- [medjool] [restartedMain] .e.DevToolsPropertyDefaultsPostProcessor : For additional web related logging consider setting the 'logging.level.web' property to 'DEBUG'
2026-05-15T13:05:11.502+01:00  INFO 81485 --- [medjool] [restartedMain] .s.d.r.c.RepositoryConfigurationDelegate : Bootstrapping Spring Data JPA repositories in DEFAULT mode.
2026-05-15T13:05:11.559+01:00  INFO 81485 --- [medjool] [restartedMain] .s.d.r.c.RepositoryConfigurationDelegate : Finished Spring Data repository scanning in 51 ms. Found 17 JPA repository interfaces.
2026-05-15T13:05:12.074+01:00  INFO 81485 --- [medjool] [restartedMain] o.s.b.w.embedded.tomcat.TomcatWebServer  : Tomcat initialized with port 8080 (http)
2026-05-15T13:05:12.081+01:00  INFO 81485 --- [medjool] [restartedMain] o.apache.catalina.core.StandardService   : Starting service [Tomcat]
2026-05-15T13:05:12.081+01:00  INFO 81485 --- [medjool] [restartedMain] o.apache.catalina.core.StandardEngine    : Starting Servlet engine: [Apache Tomcat/10.1.36]
2026-05-15T13:05:12.105+01:00  INFO 81485 --- [medjool] [restartedMain] o.a.c.c.C.[Tomcat].[localhost].[/]       : Initializing Spring embedded WebApplicationContext
2026-05-15T13:05:12.105+01:00  INFO 81485 --- [medjool] [restartedMain] w.s.c.ServletWebServerApplicationContext : Root WebApplicationContext: initialization completed in 1247 ms
2026-05-15T13:05:12.279+01:00  INFO 81485 --- [medjool] [restartedMain] o.hibernate.jpa.internal.util.LogHelper  : HHH000204: Processing PersistenceUnitInfo [name: default]
2026-05-15T13:05:12.309+01:00  INFO 81485 --- [medjool] [restartedMain] org.hibernate.Version                    : HHH000412: Hibernate ORM core version 6.6.8.Final
2026-05-15T13:05:12.327+01:00  INFO 81485 --- [medjool] [restartedMain] o.h.c.internal.RegionFactoryInitiator    : HHH000026: Second-level cache disabled
2026-05-15T13:05:12.443+01:00  INFO 81485 --- [medjool] [restartedMain] o.s.o.j.p.SpringPersistenceUnitInfo      : No LoadTimeWeaver setup: ignoring JPA class transformer
2026-05-15T13:05:12.456+01:00  INFO 81485 --- [medjool] [restartedMain] com.zaxxer.hikari.HikariDataSource       : HikariPool-1 - Starting...
2026-05-15T13:05:13.677+01:00  WARN 81485 --- [medjool] [restartedMain] o.h.engine.jdbc.spi.SqlExceptionHelper   : SQL Error: 1045, SQLState: 28000
2026-05-15T13:05:13.678+01:00 ERROR 81485 --- [medjool] [restartedMain] o.h.engine.jdbc.spi.SqlExceptionHelper   : Access denied for user 'root'@'localhost' (using password: YES)
2026-05-15T13:05:13.679+01:00  WARN 81485 --- [medjool] [restartedMain] o.h.e.j.e.i.JdbcEnvironmentInitiator     : HHH000342: Could not obtain connection to query metadata

org.hibernate.exception.GenericJDBCException: unable to obtain isolated JDBC connection [Access denied for user 'root'@'localhost' (using password: YES)] [n/a]
	at org.hibernate.exception.internal.StandardSQLExceptionConverter.convert(StandardSQLExceptionConverter.java:63) ~[hibernate-core-6.6.8.Final.jar:6.6.8.Final]
	at org.hibernate.engine.jdbc.spi.SqlExceptionHelper.convert(SqlExceptionHelper.java:108) ~[hibernate-core-6.6.8.Final.jar:6.6.8.Final]
	at org.hibernate.engine.jdbc.spi.SqlExceptionHelper.convert(SqlExceptionHelper.java:94) ~[hibernate-core-6.6.8.Final.jar:6.6.8.Final]
	at org.hibernate.resource.transaction.backend.jdbc.internal.JdbcIsolationDelegate.delegateWork(JdbcIsolationDelegate.java:116) ~[hibernate-core-6.6.8.Final.jar:6.6.8.Final]
	at org.hibernate.engine.jdbc.env.internal.JdbcEnvironmentInitiator.getJdbcEnvironmentUsingJdbcMetadata(JdbcEnvironmentInitiator.java:320) ~[hibernate-core-6.6.8.Final.jar:6.6.8.Final]
	at org.hibernate.engine.jdbc.env.internal.JdbcEnvironmentInitiator.initiateService(JdbcEnvironmentInitiator.java:129) ~[hibernate-core-6.6.8.Final.jar:6.6.8.Final]
	at org.hibernate.engine.jdbc.env.internal.JdbcEnvironmentInitiator.initiateService(JdbcEnvironmentInitiator.java:81) ~[hibernate-core-6.6.8.Final.jar:6.6.8.Final]
	at org.hibernate.boot.registry.internal.StandardServiceRegistryImpl.initiateService(StandardServiceRegistryImpl.java:130) ~[hibernate-core-6.6.8.Final.jar:6.6.8.Final]
	at org.hibernate.service.internal.AbstractServiceRegistryImpl.createService(AbstractServiceRegistryImpl.java:263) ~[hibernate-core-6.6.8.Final.jar:6.6.8.Final]
	at org.hibernate.service.internal.AbstractServiceRegistryImpl.initializeService(AbstractServiceRegistryImpl.java:238) ~[hibernate-core-6.6.8.Final.jar:6.6.8.Final]
	at org.hibernate.service.internal.AbstractServiceRegistryImpl.getService(AbstractServiceRegistryImpl.java:215) ~[hibernate-core-6.6.8.Final.jar:6.6.8.Final]
	at org.hibernate.boot.model.relational.Database.<init>(Database.java:45) ~[hibernate-core-6.6.8.Final.jar:6.6.8.Final]
	at org.hibernate.boot.internal.InFlightMetadataCollectorImpl.getDatabase(InFlightMetadataCollectorImpl.java:226) ~[hibernate-core-6.6.8.Final.jar:6.6.8.Final]
	at org.hibernate.boot.internal.InFlightMetadataCollectorImpl.<init>(InFlightMetadataCollectorImpl.java:194) ~[hibernate-core-6.6.8.Final.jar:6.6.8.Final]
	at org.hibernate.boot.model.process.spi.MetadataBuildingProcess.complete(MetadataBuildingProcess.java:171) ~[hibernate-core-6.6.8.Final.jar:6.6.8.Final]
	at org.hibernate.jpa.boot.internal.EntityManagerFactoryBuilderImpl.metadata(EntityManagerFactoryBuilderImpl.java:1442) ~[hibernate-core-6.6.8.Final.jar:6.6.8.Final]
	at org.hibernate.jpa.boot.internal.EntityManagerFactoryBuilderImpl.build(EntityManagerFactoryBuilderImpl.java:1513) ~[hibernate-core-6.6.8.Final.jar:6.6.8.Final]
	at org.springframework.orm.jpa.vendor.SpringHibernateJpaPersistenceProvider.createContainerEntityManagerFactory(SpringHibernateJpaPersistenceProvider.java:66) ~[spring-orm-6.2.3.jar:6.2.3]
	at org.springframework.orm.jpa.LocalContainerEntityManagerFactoryBean.createNativeEntityManagerFactory(LocalContainerEntityManagerFactoryBean.java:390) ~[spring-orm-6.2.3.jar:6.2.3]
	at org.springframework.orm.jpa.AbstractEntityManagerFactoryBean.buildNativeEntityManagerFactory(AbstractEntityManagerFactoryBean.java:419) ~[spring-orm-6.2.3.jar:6.2.3]
	at org.springframework.orm.jpa.AbstractEntityManagerFactoryBean.afterPropertiesSet(AbstractEntityManagerFactoryBean.java:400) ~[spring-orm-6.2.3.jar:6.2.3]
	at org.springframework.orm.jpa.LocalContainerEntityManagerFactoryBean.afterPropertiesSet(LocalContainerEntityManagerFactoryBean.java:366) ~[spring-orm-6.2.3.jar:6.2.3]
	at org.springframework.beans.factory.support.AbstractAutowireCapableBeanFactory.invokeInitMethods(AbstractAutowireCapableBeanFactory.java:1859) ~[spring-beans-6.2.3.jar:6.2.3]
	at org.springframework.beans.factory.support.AbstractAutowireCapableBeanFactory.initializeBean(AbstractAutowireCapableBeanFactory.java:1808) ~[spring-beans-6.2.3.jar:6.2.3]
	at org.springframework.beans.factory.support.AbstractAutowireCapableBeanFactory.doCreateBean(AbstractAutowireCapableBeanFactory.java:601) ~[spring-beans-6.2.3.jar:6.2.3]
	at org.springframework.beans.factory.support.AbstractAutowireCapableBeanFactory.createBean(AbstractAutowireCapableBeanFactory.java:523) ~[spring-beans-6.2.3.jar:6.2.3]
	at org.springframework.beans.factory.support.AbstractBeanFactory.lambda$doGetBean$0(AbstractBeanFactory.java:339) ~[spring-beans-6.2.3.jar:6.2.3]
	at org.springframework.beans.factory.support.DefaultSingletonBeanRegistry.getSingleton(DefaultSingletonBeanRegistry.java:346) ~[spring-beans-6.2.3.jar:6.2.3]
	at org.springframework.beans.factory.support.AbstractBeanFactory.doGetBean(AbstractBeanFactory.java:337) ~[spring-beans-6.2.3.jar:6.2.3]
	at org.springframework.beans.factory.support.AbstractBeanFactory.getBean(AbstractBeanFactory.java:202) ~[spring-beans-6.2.3.jar:6.2.3]
	at org.springframework.beans.factory.support.BeanDefinitionValueResolver.resolveReference(BeanDefinitionValueResolver.java:365) ~[spring-beans-6.2.3.jar:6.2.3]
	at org.springframework.beans.factory.support.BeanDefinitionValueResolver.resolveValueIfNecessary(BeanDefinitionValueResolver.java:135) ~[spring-beans-6.2.3.jar:6.2.3]
	at org.springframework.beans.factory.support.ConstructorResolver.resolveConstructorArguments(ConstructorResolver.java:691) ~[spring-beans-6.2.3.jar:6.2.3]
	at org.springframework.beans.factory.support.ConstructorResolver.instantiateUsingFactoryMethod(ConstructorResolver.java:513) ~[spring-beans-6.2.3.jar:6.2.3]
	at org.springframework.beans.factory.support.AbstractAutowireCapableBeanFactory.instantiateUsingFactoryMethod(AbstractAutowireCapableBeanFactory.java:1361) ~[spring-beans-6.2.3.jar:6.2.3]
	at org.springframework.beans.factory.support.AbstractAutowireCapableBeanFactory.createBeanInstance(AbstractAutowireCapableBeanFactory.java:1191) ~[spring-beans-6.2.3.jar:6.2.3]
	at org.springframework.beans.factory.support.AbstractAutowireCapableBeanFactory.doCreateBean(AbstractAutowireCapableBeanFactory.java:563) ~[spring-beans-6.2.3.jar:6.2.3]
	at org.springframework.beans.factory.support.AbstractAutowireCapableBeanFactory.createBean(AbstractAutowireCapableBeanFactory.java:523) ~[spring-beans-6.2.3.jar:6.2.3]
	at org.springframework.beans.factory.support.AbstractBeanFactory.lambda$doGetBean$0(AbstractBeanFactory.java:339) ~[spring-beans-6.2.3.jar:6.2.3]
	at org.springframework.beans.factory.support.DefaultSingletonBeanRegistry.getSingleton(DefaultSingletonBeanRegistry.java:346) ~[spring-beans-6.2.3.jar:6.2.3]
	at org.springframework.beans.factory.support.AbstractBeanFactory.doGetBean(AbstractBeanFactory.java:337) ~[spring-beans-6.2.3.jar:6.2.3]
	at org.springframework.beans.factory.support.AbstractBeanFactory.getBean(AbstractBeanFactory.java:202) ~[spring-beans-6.2.3.jar:6.2.3]
	at org.springframework.beans.factory.support.BeanDefinitionValueResolver.resolveReference(BeanDefinitionValueResolver.java:365) ~[spring-beans-6.2.3.jar:6.2.3]
	at org.springframework.beans.factory.support.BeanDefinitionValueResolver.resolveValueIfNecessary(BeanDefinitionValueResolver.java:135) ~[spring-beans-6.2.3.jar:6.2.3]
	at org.springframework.beans.factory.support.AbstractAutowireCapableBeanFactory.applyPropertyValues(AbstractAutowireCapableBeanFactory.java:1711) ~[spring-beans-6.2.3.jar:6.2.3]
	at org.springframework.beans.factory.support.AbstractAutowireCapableBeanFactory.populateBean(AbstractAutowireCapableBeanFactory.java:1460) ~[spring-beans-6.2.3.jar:6.2.3]
	at org.springframework.beans.factory.support.AbstractAutowireCapableBeanFactory.doCreateBean(AbstractAutowireCapableBeanFactory.java:600) ~[spring-beans-6.2.3.jar:6.2.3]
	at org.springframework.beans.factory.support.AbstractAutowireCapableBeanFactory.createBean(AbstractAutowireCapableBeanFactory.java:523) ~[spring-beans-6.2.3.jar:6.2.3]
	at org.springframework.beans.factory.support.AbstractBeanFactory.lambda$doGetBean$0(AbstractBeanFactory.java:339) ~[spring-beans-6.2.3.jar:6.2.3]
	at org.springframework.beans.factory.support.DefaultSingletonBeanRegistry.getSingleton(DefaultSingletonBeanRegistry.java:346) ~[spring-beans-6.2.3.jar:6.2.3]
	at org.springframework.beans.factory.support.AbstractBeanFactory.doGetBean(AbstractBeanFactory.java:337) ~[spring-beans-6.2.3.jar:6.2.3]
	at org.springframework.beans.factory.support.AbstractBeanFactory.getBean(AbstractBeanFactory.java:202) ~[spring-beans-6.2.3.jar:6.2.3]
	at org.springframework.beans.factory.support.DefaultListableBeanFactory.doResolveDependency(DefaultListableBeanFactory.java:1606) ~[spring-beans-6.2.3.jar:6.2.3]
	at org.springframework.beans.factory.support.DefaultListableBeanFactory.resolveDependency(DefaultListableBeanFactory.java:1552) ~[spring-beans-6.2.3.jar:6.2.3]
	at org.springframework.beans.factory.support.ConstructorResolver.resolveAutowiredArgument(ConstructorResolver.java:913) ~[spring-beans-6.2.3.jar:6.2.3]
	at org.springframework.beans.factory.support.ConstructorResolver.createArgumentArray(ConstructorResolver.java:791) ~[spring-beans-6.2.3.jar:6.2.3]
	at org.springframework.beans.factory.support.ConstructorResolver.autowireConstructor(ConstructorResolver.java:240) ~[spring-beans-6.2.3.jar:6.2.3]
	at org.springframework.beans.factory.support.AbstractAutowireCapableBeanFactory.autowireConstructor(AbstractAutowireCapableBeanFactory.java:1381) ~[spring-beans-6.2.3.jar:6.2.3]
	at org.springframework.beans.factory.support.AbstractAutowireCapableBeanFactory.createBeanInstance(AbstractAutowireCapableBeanFactory.java:1218) ~[spring-beans-6.2.3.jar:6.2.3]
	at org.springframework.beans.factory.support.AbstractAutowireCapableBeanFactory.doCreateBean(AbstractAutowireCapableBeanFactory.java:563) ~[spring-beans-6.2.3.jar:6.2.3]
	at org.springframework.beans.factory.support.AbstractAutowireCapableBeanFactory.createBean(AbstractAutowireCapableBeanFactory.java:523) ~[spring-beans-6.2.3.jar:6.2.3]
	at org.springframework.beans.factory.support.AbstractBeanFactory.lambda$doGetBean$0(AbstractBeanFactory.java:339) ~[spring-beans-6.2.3.jar:6.2.3]
	at org.springframework.beans.factory.support.DefaultSingletonBeanRegistry.getSingleton(DefaultSingletonBeanRegistry.java:346) ~[spring-beans-6.2.3.jar:6.2.3]
	at org.springframework.beans.factory.support.AbstractBeanFactory.doGetBean(AbstractBeanFactory.java:337) ~[spring-beans-6.2.3.jar:6.2.3]
	at org.springframework.beans.factory.support.AbstractBeanFactory.getBean(AbstractBeanFactory.java:202) ~[spring-beans-6.2.3.jar:6.2.3]
	at org.springframework.beans.factory.config.DependencyDescriptor.resolveCandidate(DependencyDescriptor.java:254) ~[spring-beans-6.2.3.jar:6.2.3]
	at org.springframework.beans.factory.support.DefaultListableBeanFactory.doResolveDependency(DefaultListableBeanFactory.java:1664) ~[spring-beans-6.2.3.jar:6.2.3]
	at org.springframework.beans.factory.support.DefaultListableBeanFactory.resolveDependency(DefaultListableBeanFactory.java:1552) ~[spring-beans-6.2.3.jar:6.2.3]
	at org.springframework.beans.factory.support.ConstructorResolver.resolveAutowiredArgument(ConstructorResolver.java:913) ~[spring-beans-6.2.3.jar:6.2.3]
	at org.springframework.beans.factory.support.ConstructorResolver.createArgumentArray(ConstructorResolver.java:791) ~[spring-beans-6.2.3.jar:6.2.3]
	at org.springframework.beans.factory.support.ConstructorResolver.autowireConstructor(ConstructorResolver.java:240) ~[spring-beans-6.2.3.jar:6.2.3]
	at org.springframework.beans.factory.support.AbstractAutowireCapableBeanFactory.autowireConstructor(AbstractAutowireCapableBeanFactory.java:1381) ~[spring-beans-6.2.3.jar:6.2.3]
	at org.springframework.beans.factory.support.AbstractAutowireCapableBeanFactory.createBeanInstance(AbstractAutowireCapableBeanFactory.java:1218) ~[spring-beans-6.2.3.jar:6.2.3]
	at org.springframework.beans.factory.support.AbstractAutowireCapableBeanFactory.doCreateBean(AbstractAutowireCapableBeanFactory.java:563) ~[spring-beans-6.2.3.jar:6.2.3]
	at org.springframework.beans.factory.support.AbstractAutowireCapableBeanFactory.createBean(AbstractAutowireCapableBeanFactory.java:523) ~[spring-beans-6.2.3.jar:6.2.3]
	at org.springframework.beans.factory.support.AbstractBeanFactory.lambda$doGetBean$0(AbstractBeanFactory.java:339) ~[spring-beans-6.2.3.jar:6.2.3]
	at org.springframework.beans.factory.support.DefaultSingletonBeanRegistry.getSingleton(DefaultSingletonBeanRegistry.java:346) ~[spring-beans-6.2.3.jar:6.2.3]
	at org.springframework.beans.factory.support.AbstractBeanFactory.doGetBean(AbstractBeanFactory.java:337) ~[spring-beans-6.2.3.jar:6.2.3]
	at org.springframework.beans.factory.support.AbstractBeanFactory.getBean(AbstractBeanFactory.java:207) ~[spring-beans-6.2.3.jar:6.2.3]
	at org.springframework.boot.web.servlet.ServletContextInitializerBeans.getOrderedBeansOfType(ServletContextInitializerBeans.java:211) ~[spring-boot-3.4.3.jar:3.4.3]
	at org.springframework.boot.web.servlet.ServletContextInitializerBeans.addAsRegistrationBean(ServletContextInitializerBeans.java:174) ~[spring-boot-3.4.3.jar:3.4.3]
	at org.springframework.boot.web.servlet.ServletContextInitializerBeans.addAsRegistrationBean(ServletContextInitializerBeans.java:169) ~[spring-boot-3.4.3.jar:3.4.3]
	at org.springframework.boot.web.servlet.ServletContextInitializerBeans.addAdaptableBeans(ServletContextInitializerBeans.java:154) ~[spring-boot-3.4.3.jar:3.4.3]
	at org.springframework.boot.web.servlet.ServletContextInitializerBeans.<init>(ServletContextInitializerBeans.java:87) ~[spring-boot-3.4.3.jar:3.4.3]
	at org.springframework.boot.web.servlet.context.ServletWebServerApplicationContext.getServletContextInitializerBeans(ServletWebServerApplicationContext.java:271) ~[spring-boot-3.4.3.jar:3.4.3]
	at org.springframework.boot.web.servlet.context.ServletWebServerApplicationContext.selfInitialize(ServletWebServerApplicationContext.java:245) ~[spring-boot-3.4.3.jar:3.4.3]
	at org.springframework.boot.web.embedded.tomcat.TomcatStarter.onStartup(TomcatStarter.java:52) ~[spring-boot-3.4.3.jar:3.4.3]
	at org.apache.catalina.core.StandardContext.startInternal(StandardContext.java:4467) ~[tomcat-embed-core-10.1.36.jar:10.1.36]
	at org.apache.catalina.util.LifecycleBase.start(LifecycleBase.java:164) ~[tomcat-embed-core-10.1.36.jar:10.1.36]
	at org.apache.catalina.core.ContainerBase$StartChild.call(ContainerBase.java:1203) ~[tomcat-embed-core-10.1.36.jar:10.1.36]
	at org.apache.catalina.core.ContainerBase$StartChild.call(ContainerBase.java:1193) ~[tomcat-embed-core-10.1.36.jar:10.1.36]
	at java.base/java.util.concurrent.FutureTask.run(FutureTask.java:264) ~[na:na]
	at org.apache.tomcat.util.threads.InlineExecutorService.execute(InlineExecutorService.java:75) ~[tomcat-embed-core-10.1.36.jar:10.1.36]
	at java.base/java.util.concurrent.AbstractExecutorService.submit(AbstractExecutorService.java:145) ~[na:na]
	at org.apache.catalina.core.ContainerBase.startInternal(ContainerBase.java:749) ~[tomcat-embed-core-10.1.36.jar:10.1.36]
	at org.apache.catalina.core.StandardHost.startInternal(StandardHost.java:772) ~[tomcat-embed-core-10.1.36.jar:10.1.36]
	at org.apache.catalina.util.LifecycleBase.start(LifecycleBase.java:164) ~[tomcat-embed-core-10.1.36.jar:10.1.36]
	at org.apache.catalina.core.ContainerBase$StartChild.call(ContainerBase.java:1203) ~[tomcat-embed-core-10.1.36.jar:10.1.36]
	at org.apache.catalina.core.ContainerBase$StartChild.call(ContainerBase.java:1193) ~[tomcat-embed-core-10.1.36.jar:10.1.36]
	at java.base/java.util.concurrent.FutureTask.run(FutureTask.java:264) ~[na:na]
	at org.apache.tomcat.util.threads.InlineExecutorService.execute(InlineExecutorService.java:75) ~[tomcat-embed-core-10.1.36.jar:10.1.36]
	at java.base/java.util.concurrent.AbstractExecutorService.submit(AbstractExecutorService.java:145) ~[na:na]
	at org.apache.catalina.core.ContainerBase.startInternal(ContainerBase.java:749) ~[tomcat-embed-core-10.1.36.jar:10.1.36]
	at org.apache.catalina.core.StandardEngine.startInternal(StandardEngine.java:203) ~[tomcat-embed-core-10.1.36.jar:10.1.36]
	at org.apache.catalina.util.LifecycleBase.start(LifecycleBase.java:164) ~[tomcat-embed-core-10.1.36.jar:10.1.36]
	at org.apache.catalina.core.StandardService.startInternal(StandardService.java:415) ~[tomcat-embed-core-10.1.36.jar:10.1.36]
	at org.apache.catalina.util.LifecycleBase.start(LifecycleBase.java:164) ~[tomcat-embed-core-10.1.36.jar:10.1.36]
	at org.apache.catalina.core.StandardServer.startInternal(StandardServer.java:870) ~[tomcat-embed-core-10.1.36.jar:10.1.36]
	at org.apache.catalina.util.LifecycleBase.start(LifecycleBase.java:164) ~[tomcat-embed-core-10.1.36.jar:10.1.36]
	at org.apache.catalina.startup.Tomcat.start(Tomcat.java:437) ~[tomcat-embed-core-10.1.36.jar:10.1.36]
	at org.springframework.boot.web.embedded.tomcat.TomcatWebServer.initialize(TomcatWebServer.java:128) ~[spring-boot-3.4.3.jar:3.4.3]
	at org.springframework.boot.web.embedded.tomcat.TomcatWebServer.<init>(TomcatWebServer.java:107) ~[spring-boot-3.4.3.jar:3.4.3]
	at org.springframework.boot.web.embedded.tomcat.TomcatServletWebServerFactory.getTomcatWebServer(TomcatServletWebServerFactory.java:520) ~[spring-boot-3.4.3.jar:3.4.3]
	at org.springframework.boot.web.embedded.tomcat.TomcatServletWebServerFactory.getWebServer(TomcatServletWebServerFactory.java:222) ~[spring-boot-3.4.3.jar:3.4.3]
	at org.springframework.boot.web.servlet.context.ServletWebServerApplicationContext.createWebServer(ServletWebServerApplicationContext.java:193) ~[spring-boot-3.4.3.jar:3.4.3]
	at org.springframework.boot.web.servlet.context.ServletWebServerApplicationContext.onRefresh(ServletWebServerApplicationContext.java:167) ~[spring-boot-3.4.3.jar:3.4.3]
	at org.springframework.context.support.AbstractApplicationContext.refresh(AbstractApplicationContext.java:621) ~[spring-context-6.2.3.jar:6.2.3]
	at org.springframework.boot.web.servlet.context.ServletWebServerApplicationContext.refresh(ServletWebServerApplicationContext.java:146) ~[spring-boot-3.4.3.jar:3.4.3]
	at org.springframework.boot.SpringApplication.refresh(SpringApplication.java:752) ~[spring-boot-3.4.3.jar:3.4.3]
	at org.springframework.boot.SpringApplication.refreshContext(SpringApplication.java:439) ~[spring-boot-3.4.3.jar:3.4.3]
	at org.springframework.boot.SpringApplication.run(SpringApplication.java:318) ~[spring-boot-3.4.3.jar:3.4.3]
	at org.springframework.boot.SpringApplication.run(SpringApplication.java:1361) ~[spring-boot-3.4.3.jar:3.4.3]
	at org.springframework.boot.SpringApplication.run(SpringApplication.java:1350) ~[spring-boot-3.4.3.jar:3.4.3]
	at com.example.medjool.MedjoolApplication.main(MedjoolApplication.java:15) ~[classes/:na]
	at java.base/jdk.internal.reflect.NativeMethodAccessorImpl.invoke0(Native Method) ~[na:na]
	at java.base/jdk.internal.reflect.NativeMethodAccessorImpl.invoke(NativeMethodAccessorImpl.java:77) ~[na:na]
	at java.base/jdk.internal.reflect.DelegatingMethodAccessorImpl.invoke(DelegatingMethodAccessorImpl.java:43) ~[na:na]
	at java.base/java.lang.reflect.Method.invoke(Method.java:569) ~[na:na]
	at org.springframework.boot.devtools.restart.RestartLauncher.run(RestartLauncher.java:50) ~[spring-boot-devtools-3.4.3.jar:3.4.3]
Caused by: java.sql.SQLException: Access denied for user 'root'@'localhost' (using password: YES)
	at com.mysql.cj.jdbc.exceptions.SQLError.createSQLException(SQLError.java:121) ~[mysql-connector-j-9.1.0.jar:9.1.0]
	at com.mysql.cj.jdbc.exceptions.SQLExceptionsMapping.translateException(SQLExceptionsMapping.java:114) ~[mysql-connector-j-9.1.0.jar:9.1.0]
	at com.mysql.cj.jdbc.ConnectionImpl.createNewIO(ConnectionImpl.java:837) ~[mysql-connector-j-9.1.0.jar:9.1.0]
	at com.mysql.cj.jdbc.ConnectionImpl.<init>(ConnectionImpl.java:420) ~[mysql-connector-j-9.1.0.jar:9.1.0]
	at com.mysql.cj.jdbc.ConnectionImpl.getInstance(ConnectionImpl.java:238) ~[mysql-connector-j-9.1.0.jar:9.1.0]
	at com.mysql.cj.jdbc.NonRegisteringDriver.connect(NonRegisteringDriver.java:180) ~[mysql-connector-j-9.1.0.jar:9.1.0]
	at com.zaxxer.hikari.util.DriverDataSource.getConnection(DriverDataSource.java:137) ~[HikariCP-5.1.0.jar:na]
	at com.zaxxer.hikari.pool.PoolBase.newConnection(PoolBase.java:360) ~[HikariCP-5.1.0.jar:na]
	at com.zaxxer.hikari.pool.PoolBase.newPoolEntry(PoolBase.java:202) ~[HikariCP-5.1.0.jar:na]
	at com.zaxxer.hikari.pool.HikariPool.createPoolEntry(HikariPool.java:461) ~[HikariCP-5.1.0.jar:na]
	at com.zaxxer.hikari.pool.HikariPool.checkFailFast(HikariPool.java:550) ~[HikariCP-5.1.0.jar:na]
	at com.zaxxer.hikari.pool.HikariPool.<init>(HikariPool.java:98) ~[HikariCP-5.1.0.jar:na]
	at com.zaxxer.hikari.HikariDataSource.getConnection(HikariDataSource.java:111) ~[HikariCP-5.1.0.jar:na]
	at org.hibernate.engine.jdbc.connections.internal.DatasourceConnectionProviderImpl.getConnection(DatasourceConnectionProviderImpl.java:126) ~[hibernate-core-6.6.8.Final.jar:6.6.8.Final]
	at org.hibernate.engine.jdbc.env.internal.JdbcEnvironmentInitiator$ConnectionProviderJdbcConnectionAccess.obtainConnection(JdbcEnvironmentInitiator.java:467) ~[hibernate-core-6.6.8.Final.jar:6.6.8.Final]
	at org.hibernate.resource.transaction.backend.jdbc.internal.JdbcIsolationDelegate.delegateWork(JdbcIsolationDelegate.java:61) ~[hibernate-core-6.6.8.Final.jar:6.6.8.Final]
	... 125 common frames omitted

2026-05-15T13:05:13.689+01:00 ERROR 81485 --- [medjool] [restartedMain] j.LocalContainerEntityManagerFactoryBean : Failed to initialize JPA EntityManagerFactory: Unable to create requested service [org.hibernate.engine.jdbc.env.spi.JdbcEnvironment] due to: Unable to determine Dialect without JDBC metadata (please set 'jakarta.persistence.jdbc.url' for common cases or 'hibernate.dialect' when a custom Dialect implementation must be provided)
2026-05-15T13:05:13.691+01:00 ERROR 81485 --- [medjool] [restartedMain] o.s.b.web.embedded.tomcat.TomcatStarter  : Error starting Tomcat context. Exception: org.springframework.beans.factory.UnsatisfiedDependencyException. Message: Error creating bean with name 'JWTFilter' defined in file [/Volumes/ADATA/agrisales_back/target/classes/com/example/medjool/filters/JWTFilter.class]: Unsatisfied dependency expressed through constructor parameter 1: Error creating bean with name 'userDetailsServiceImpl' defined in file [/Volumes/ADATA/agrisales_back/target/classes/com/example/medjool/services/implementation/UserDetailsServiceImpl.class]: Unsatisfied dependency expressed through constructor parameter 0: Error creating bean with name 'userRepository' defined in com.example.medjool.repository.UserRepository defined in @EnableJpaRepositories declared on JpaRepositoriesRegistrar.EnableJpaRepositoriesConfiguration: Cannot resolve reference to bean 'jpaSharedEM_entityManagerFactory' while setting bean property 'entityManager'
2026-05-15T13:05:13.715+01:00  INFO 81485 --- [medjool] [restartedMain] o.apache.catalina.core.StandardService   : Stopping service [Tomcat]
2026-05-15T13:05:13.718+01:00  WARN 81485 --- [medjool] [restartedMain] ConfigServletWebServerApplicationContext : Exception encountered during context initialization - cancelling refresh attempt: org.springframework.context.ApplicationContextException: Unable to start web server
2026-05-15T13:05:13.735+01:00  INFO 81485 --- [medjool] [restartedMain] .s.b.a.l.ConditionEvaluationReportLogger : 

Error starting ApplicationContext. To display the condition evaluation report re-run your application with 'debug' enabled.
2026-05-15T13:05:13.745+01:00 ERROR 81485 --- [medjool] [restartedMain] o.s.boot.SpringApplication               : Application run failed

org.springframework.context.ApplicationContextException: Unable to start web server
	at org.springframework.boot.web.servlet.context.ServletWebServerApplicationContext.onRefresh(ServletWebServerApplicationContext.java:170) ~[spring-boot-3.4.3.jar:3.4.3]
	at org.springframework.context.support.AbstractApplicationContext.refresh(AbstractApplicationContext.java:621) ~[spring-context-6.2.3.jar:6.2.3]
	at org.springframework.boot.web.servlet.context.ServletWebServerApplicationContext.refresh(ServletWebServerApplicationContext.java:146) ~[spring-boot-3.4.3.jar:3.4.3]
	at org.springframework.boot.SpringApplication.refresh(SpringApplication.java:752) ~[spring-boot-3.4.3.jar:3.4.3]
	at org.springframework.boot.SpringApplication.refreshContext(SpringApplication.java:439) ~[spring-boot-3.4.3.jar:3.4.3]
	at org.springframework.boot.SpringApplication.run(SpringApplication.java:318) ~[spring-boot-3.4.3.jar:3.4.3]
	at org.springframework.boot.SpringApplication.run(SpringApplication.java:1361) ~[spring-boot-3.4.3.jar:3.4.3]
	at org.springframework.boot.SpringApplication.run(SpringApplication.java:1350) ~[spring-boot-3.4.3.jar:3.4.3]
	at com.example.medjool.MedjoolApplication.main(MedjoolApplication.java:15) ~[classes/:na]
	at java.base/jdk.internal.reflect.NativeMethodAccessorImpl.invoke0(Native Method) ~[na:na]
	at java.base/jdk.internal.reflect.NativeMethodAccessorImpl.invoke(NativeMethodAccessorImpl.java:77) ~[na:na]
	at java.base/jdk.internal.reflect.DelegatingMethodAccessorImpl.invoke(DelegatingMethodAccessorImpl.java:43) ~[na:na]
	at java.base/java.lang.reflect.Method.invoke(Method.java:569) ~[na:na]
	at org.springframework.boot.devtools.restart.RestartLauncher.run(RestartLauncher.java:50) ~[spring-boot-devtools-3.4.3.jar:3.4.3]
Caused by: org.springframework.boot.web.server.WebServerException: Unable to start embedded Tomcat
	at org.springframework.boot.web.embedded.tomcat.TomcatWebServer.initialize(TomcatWebServer.java:147) ~[spring-boot-3.4.3.jar:3.4.3]
	at org.springframework.boot.web.embedded.tomcat.TomcatWebServer.<init>(TomcatWebServer.java:107) ~[spring-boot-3.4.3.jar:3.4.3]
	at org.springframework.boot.web.embedded.tomcat.TomcatServletWebServerFactory.getTomcatWebServer(TomcatServletWebServerFactory.java:520) ~[spring-boot-3.4.3.jar:3.4.3]
	at org.springframework.boot.web.embedded.tomcat.TomcatServletWebServerFactory.getWebServer(TomcatServletWebServerFactory.java:222) ~[spring-boot-3.4.3.jar:3.4.3]
	at org.springframework.boot.web.servlet.context.ServletWebServerApplicationContext.createWebServer(ServletWebServerApplicationContext.java:193) ~[spring-boot-3.4.3.jar:3.4.3]
	at org.springframework.boot.web.servlet.context.ServletWebServerApplicationContext.onRefresh(ServletWebServerApplicationContext.java:167) ~[spring-boot-3.4.3.jar:3.4.3]
	... 13 common frames omitted
Caused by: org.springframework.beans.factory.UnsatisfiedDependencyException: Error creating bean with name 'JWTFilter' defined in file [/Volumes/ADATA/agrisales_back/target/classes/com/example/medjool/filters/JWTFilter.class]: Unsatisfied dependency expressed through constructor parameter 1: Error creating bean with name 'userDetailsServiceImpl' defined in file [/Volumes/ADATA/agrisales_back/target/classes/com/example/medjool/services/implementation/UserDetailsServiceImpl.class]: Unsatisfied dependency expressed through constructor parameter 0: Error creating bean with name 'userRepository' defined in com.example.medjool.repository.UserRepository defined in @EnableJpaRepositories declared on JpaRepositoriesRegistrar.EnableJpaRepositoriesConfiguration: Cannot resolve reference to bean 'jpaSharedEM_entityManagerFactory' while setting bean property 'entityManager'
	at org.springframework.beans.factory.support.ConstructorResolver.createArgumentArray(ConstructorResolver.java:804) ~[spring-beans-6.2.3.jar:6.2.3]
	at org.springframework.beans.factory.support.ConstructorResolver.autowireConstructor(ConstructorResolver.java:240) ~[spring-beans-6.2.3.jar:6.2.3]
	at org.springframework.beans.factory.support.AbstractAutowireCapableBeanFactory.autowireConstructor(AbstractAutowireCapableBeanFactory.java:1381) ~[spring-beans-6.2.3.jar:6.2.3]
	at org.springframework.beans.factory.support.AbstractAutowireCapableBeanFactory.createBeanInstance(AbstractAutowireCapableBeanFactory.java:1218) ~[spring-beans-6.2.3.jar:6.2.3]
	at org.springframework.beans.factory.support.AbstractAutowireCapableBeanFactory.doCreateBean(AbstractAutowireCapableBeanFactory.java:563) ~[spring-beans-6.2.3.jar:6.2.3]
	at org.springframework.beans.factory.support.AbstractAutowireCapableBeanFactory.createBean(AbstractAutowireCapableBeanFactory.java:523) ~[spring-beans-6.2.3.jar:6.2.3]
	at org.springframework.beans.factory.support.AbstractBeanFactory.lambda$doGetBean$0(AbstractBeanFactory.java:339) ~[spring-beans-6.2.3.jar:6.2.3]
	at org.springframework.beans.factory.support.DefaultSingletonBeanRegistry.getSingleton(DefaultSingletonBeanRegistry.java:346) ~[spring-beans-6.2.3.jar:6.2.3]
	at org.springframework.beans.factory.support.AbstractBeanFactory.doGetBean(AbstractBeanFactory.java:337) ~[spring-beans-6.2.3.jar:6.2.3]
	at org.springframework.beans.factory.support.AbstractBeanFactory.getBean(AbstractBeanFactory.java:207) ~[spring-beans-6.2.3.jar:6.2.3]
	at org.springframework.boot.web.servlet.ServletContextInitializerBeans.getOrderedBeansOfType(ServletContextInitializerBeans.java:211) ~[spring-boot-3.4.3.jar:3.4.3]
	at org.springframework.boot.web.servlet.ServletContextInitializerBeans.addAsRegistrationBean(ServletContextInitializerBeans.java:174) ~[spring-boot-3.4.3.jar:3.4.3]
	at org.springframework.boot.web.servlet.ServletContextInitializerBeans.addAsRegistrationBean(ServletContextInitializerBeans.java:169) ~[spring-boot-3.4.3.jar:3.4.3]
	at org.springframework.boot.web.servlet.ServletContextInitializerBeans.addAdaptableBeans(ServletContextInitializerBeans.java:154) ~[spring-boot-3.4.3.jar:3.4.3]
	at org.springframework.boot.web.servlet.ServletContextInitializerBeans.<init>(ServletContextInitializerBeans.java:87) ~[spring-boot-3.4.3.jar:3.4.3]
	at org.springframework.boot.web.servlet.context.ServletWebServerApplicationContext.getServletContextInitializerBeans(ServletWebServerApplicationContext.java:271) ~[spring-boot-3.4.3.jar:3.4.3]
	at org.springframework.boot.web.servlet.context.ServletWebServerApplicationContext.selfInitialize(ServletWebServerApplicationContext.java:245) ~[spring-boot-3.4.3.jar:3.4.3]
	at org.springframework.boot.web.embedded.tomcat.TomcatStarter.onStartup(TomcatStarter.java:52) ~[spring-boot-3.4.3.jar:3.4.3]
	at org.apache.catalina.core.StandardContext.startInternal(StandardContext.java:4467) ~[tomcat-embed-core-10.1.36.jar:10.1.36]
	at org.apache.catalina.util.LifecycleBase.start(LifecycleBase.java:164) ~[tomcat-embed-core-10.1.36.jar:10.1.36]
	at org.apache.catalina.core.ContainerBase$StartChild.call(ContainerBase.java:1203) ~[tomcat-embed-core-10.1.36.jar:10.1.36]
	at org.apache.catalina.core.ContainerBase$StartChild.call(ContainerBase.java:1193) ~[tomcat-embed-core-10.1.36.jar:10.1.36]
	at java.base/java.util.concurrent.FutureTask.run(FutureTask.java:264) ~[na:na]
	at org.apache.tomcat.util.threads.InlineExecutorService.execute(InlineExecutorService.java:75) ~[tomcat-embed-core-10.1.36.jar:10.1.36]
	at java.base/java.util.concurrent.AbstractExecutorService.submit(AbstractExecutorService.java:145) ~[na:na]
	at org.apache.catalina.core.ContainerBase.startInternal(ContainerBase.java:749) ~[tomcat-embed-core-10.1.36.jar:10.1.36]
	at org.apache.catalina.core.StandardHost.startInternal(StandardHost.java:772) ~[tomcat-embed-core-10.1.36.jar:10.1.36]
	at org.apache.catalina.util.LifecycleBase.start(LifecycleBase.java:164) ~[tomcat-embed-core-10.1.36.jar:10.1.36]
	at org.apache.catalina.core.ContainerBase$StartChild.call(ContainerBase.java:1203) ~[tomcat-embed-core-10.1.36.jar:10.1.36]
	at org.apache.catalina.core.ContainerBase$StartChild.call(ContainerBase.java:1193) ~[tomcat-embed-core-10.1.36.jar:10.1.36]
	at java.base/java.util.concurrent.FutureTask.run(FutureTask.java:264) ~[na:na]
	at org.apache.tomcat.util.threads.InlineExecutorService.execute(InlineExecutorService.java:75) ~[tomcat-embed-core-10.1.36.jar:10.1.36]
	at java.base/java.util.concurrent.AbstractExecutorService.submit(AbstractExecutorService.java:145) ~[na:na]
	at org.apache.catalina.core.ContainerBase.startInternal(ContainerBase.java:749) ~[tomcat-embed-core-10.1.36.jar:10.1.36]
	at org.apache.catalina.core.StandardEngine.startInternal(StandardEngine.java:203) ~[tomcat-embed-core-10.1.36.jar:10.1.36]
	at org.apache.catalina.util.LifecycleBase.start(LifecycleBase.java:164) ~[tomcat-embed-core-10.1.36.jar:10.1.36]
	at org.apache.catalina.core.StandardService.startInternal(StandardService.java:415) ~[tomcat-embed-core-10.1.36.jar:10.1.36]
	at org.apache.catalina.util.LifecycleBase.start(LifecycleBase.java:164) ~[tomcat-embed-core-10.1.36.jar:10.1.36]
	at org.apache.catalina.core.StandardServer.startInternal(StandardServer.java:870) ~[tomcat-embed-core-10.1.36.jar:10.1.36]
	at org.apache.catalina.util.LifecycleBase.start(LifecycleBase.java:164) ~[tomcat-embed-core-10.1.36.jar:10.1.36]
	at org.apache.catalina.startup.Tomcat.start(Tomcat.java:437) ~[tomcat-embed-core-10.1.36.jar:10.1.36]
	at org.springframework.boot.web.embedded.tomcat.TomcatWebServer.initialize(TomcatWebServer.java:128) ~[spring-boot-3.4.3.jar:3.4.3]
	... 18 common frames omitted
Caused by: org.springframework.beans.factory.UnsatisfiedDependencyException: Error creating bean with name 'userDetailsServiceImpl' defined in file [/Volumes/ADATA/agrisales_back/target/classes/com/example/medjool/services/implementation/UserDetailsServiceImpl.class]: Unsatisfied dependency expressed through constructor parameter 0: Error creating bean with name 'userRepository' defined in com.example.medjool.repository.UserRepository defined in @EnableJpaRepositories declared on JpaRepositoriesRegistrar.EnableJpaRepositoriesConfiguration: Cannot resolve reference to bean 'jpaSharedEM_entityManagerFactory' while setting bean property 'entityManager'
	at org.springframework.beans.factory.support.ConstructorResolver.createArgumentArray(ConstructorResolver.java:804) ~[spring-beans-6.2.3.jar:6.2.3]
	at org.springframework.beans.factory.support.ConstructorResolver.autowireConstructor(ConstructorResolver.java:240) ~[spring-beans-6.2.3.jar:6.2.3]
	at org.springframework.beans.factory.support.AbstractAutowireCapableBeanFactory.autowireConstructor(AbstractAutowireCapableBeanFactory.java:1381) ~[spring-beans-6.2.3.jar:6.2.3]
	at org.springframework.beans.factory.support.AbstractAutowireCapableBeanFactory.createBeanInstance(AbstractAutowireCapableBeanFactory.java:1218) ~[spring-beans-6.2.3.jar:6.2.3]
	at org.springframework.beans.factory.support.AbstractAutowireCapableBeanFactory.doCreateBean(AbstractAutowireCapableBeanFactory.java:563) ~[spring-beans-6.2.3.jar:6.2.3]
	at org.springframework.beans.factory.support.AbstractAutowireCapableBeanFactory.createBean(AbstractAutowireCapableBeanFactory.java:523) ~[spring-beans-6.2.3.jar:6.2.3]
	at org.springframework.beans.factory.support.AbstractBeanFactory.lambda$doGetBean$0(AbstractBeanFactory.java:339) ~[spring-beans-6.2.3.jar:6.2.3]
	at org.springframework.beans.factory.support.DefaultSingletonBeanRegistry.getSingleton(DefaultSingletonBeanRegistry.java:346) ~[spring-beans-6.2.3.jar:6.2.3]
	at org.springframework.beans.factory.support.AbstractBeanFactory.doGetBean(AbstractBeanFactory.java:337) ~[spring-beans-6.2.3.jar:6.2.3]
	at org.springframework.beans.factory.support.AbstractBeanFactory.getBean(AbstractBeanFactory.java:202) ~[spring-beans-6.2.3.jar:6.2.3]
	at org.springframework.beans.factory.config.DependencyDescriptor.resolveCandidate(DependencyDescriptor.java:254) ~[spring-beans-6.2.3.jar:6.2.3]
	at org.springframework.beans.factory.support.DefaultListableBeanFactory.doResolveDependency(DefaultListableBeanFactory.java:1664) ~[spring-beans-6.2.3.jar:6.2.3]
	at org.springframework.beans.factory.support.DefaultListableBeanFactory.resolveDependency(DefaultListableBeanFactory.java:1552) ~[spring-beans-6.2.3.jar:6.2.3]
	at org.springframework.beans.factory.support.ConstructorResolver.resolveAutowiredArgument(ConstructorResolver.java:913) ~[spring-beans-6.2.3.jar:6.2.3]
	at org.springframework.beans.factory.support.ConstructorResolver.createArgumentArray(ConstructorResolver.java:791) ~[spring-beans-6.2.3.jar:6.2.3]
	... 59 common frames omitted
Caused by: org.springframework.beans.factory.BeanCreationException: Error creating bean with name 'userRepository' defined in com.example.medjool.repository.UserRepository defined in @EnableJpaRepositories declared on JpaRepositoriesRegistrar.EnableJpaRepositoriesConfiguration: Cannot resolve reference to bean 'jpaSharedEM_entityManagerFactory' while setting bean property 'entityManager'
	at org.springframework.beans.factory.support.BeanDefinitionValueResolver.resolveReference(BeanDefinitionValueResolver.java:377) ~[spring-beans-6.2.3.jar:6.2.3]
	at org.springframework.beans.factory.support.BeanDefinitionValueResolver.resolveValueIfNecessary(BeanDefinitionValueResolver.java:135) ~[spring-beans-6.2.3.jar:6.2.3]
	at org.springframework.beans.factory.support.AbstractAutowireCapableBeanFactory.applyPropertyValues(AbstractAutowireCapableBeanFactory.java:1711) ~[spring-beans-6.2.3.jar:6.2.3]
	at org.springframework.beans.factory.support.AbstractAutowireCapableBeanFactory.populateBean(AbstractAutowireCapableBeanFactory.java:1460) ~[spring-beans-6.2.3.jar:6.2.3]
	at org.springframework.beans.factory.support.AbstractAutowireCapableBeanFactory.doCreateBean(AbstractAutowireCapableBeanFactory.java:600) ~[spring-beans-6.2.3.jar:6.2.3]
	at org.springframework.beans.factory.support.AbstractAutowireCapableBeanFactory.createBean(AbstractAutowireCapableBeanFactory.java:523) ~[spring-beans-6.2.3.jar:6.2.3]
	at org.springframework.beans.factory.support.AbstractBeanFactory.lambda$doGetBean$0(AbstractBeanFactory.java:339) ~[spring-beans-6.2.3.jar:6.2.3]
	at org.springframework.beans.factory.support.DefaultSingletonBeanRegistry.getSingleton(DefaultSingletonBeanRegistry.java:346) ~[spring-beans-6.2.3.jar:6.2.3]
	at org.springframework.beans.factory.support.AbstractBeanFactory.doGetBean(AbstractBeanFactory.java:337) ~[spring-beans-6.2.3.jar:6.2.3]
	at org.springframework.beans.factory.support.AbstractBeanFactory.getBean(AbstractBeanFactory.java:202) ~[spring-beans-6.2.3.jar:6.2.3]
	at org.springframework.beans.factory.support.DefaultListableBeanFactory.doResolveDependency(DefaultListableBeanFactory.java:1606) ~[spring-beans-6.2.3.jar:6.2.3]
	at org.springframework.beans.factory.support.DefaultListableBeanFactory.resolveDependency(DefaultListableBeanFactory.java:1552) ~[spring-beans-6.2.3.jar:6.2.3]
	at org.springframework.beans.factory.support.ConstructorResolver.resolveAutowiredArgument(ConstructorResolver.java:913) ~[spring-beans-6.2.3.jar:6.2.3]
	at org.springframework.beans.factory.support.ConstructorResolver.createArgumentArray(ConstructorResolver.java:791) ~[spring-beans-6.2.3.jar:6.2.3]
	... 73 common frames omitted
Caused by: org.springframework.beans.factory.BeanCreationException: Error creating bean with name 'jpaSharedEM_entityManagerFactory': Cannot resolve reference to bean 'entityManagerFactory' while setting constructor argument
	at org.springframework.beans.factory.support.BeanDefinitionValueResolver.resolveReference(BeanDefinitionValueResolver.java:377) ~[spring-beans-6.2.3.jar:6.2.3]
	at org.springframework.beans.factory.support.BeanDefinitionValueResolver.resolveValueIfNecessary(BeanDefinitionValueResolver.java:135) ~[spring-beans-6.2.3.jar:6.2.3]
	at org.springframework.beans.factory.support.ConstructorResolver.resolveConstructorArguments(ConstructorResolver.java:691) ~[spring-beans-6.2.3.jar:6.2.3]
	at org.springframework.beans.factory.support.ConstructorResolver.instantiateUsingFactoryMethod(ConstructorResolver.java:513) ~[spring-beans-6.2.3.jar:6.2.3]
	at org.springframework.beans.factory.support.AbstractAutowireCapableBeanFactory.instantiateUsingFactoryMethod(AbstractAutowireCapableBeanFactory.java:1361) ~[spring-beans-6.2.3.jar:6.2.3]
	at org.springframework.beans.factory.support.AbstractAutowireCapableBeanFactory.createBeanInstance(AbstractAutowireCapableBeanFactory.java:1191) ~[spring-beans-6.2.3.jar:6.2.3]
	at org.springframework.beans.factory.support.AbstractAutowireCapableBeanFactory.doCreateBean(AbstractAutowireCapableBeanFactory.java:563) ~[spring-beans-6.2.3.jar:6.2.3]
	at org.springframework.beans.factory.support.AbstractAutowireCapableBeanFactory.createBean(AbstractAutowireCapableBeanFactory.java:523) ~[spring-beans-6.2.3.jar:6.2.3]
	at org.springframework.beans.factory.support.AbstractBeanFactory.lambda$doGetBean$0(AbstractBeanFactory.java:339) ~[spring-beans-6.2.3.jar:6.2.3]
	at org.springframework.beans.factory.support.DefaultSingletonBeanRegistry.getSingleton(DefaultSingletonBeanRegistry.java:346) ~[spring-beans-6.2.3.jar:6.2.3]
	at org.springframework.beans.factory.support.AbstractBeanFactory.doGetBean(AbstractBeanFactory.java:337) ~[spring-beans-6.2.3.jar:6.2.3]
	at org.springframework.beans.factory.support.AbstractBeanFactory.getBean(AbstractBeanFactory.java:202) ~[spring-beans-6.2.3.jar:6.2.3]
	at org.springframework.beans.factory.support.BeanDefinitionValueResolver.resolveReference(BeanDefinitionValueResolver.java:365) ~[spring-beans-6.2.3.jar:6.2.3]
	... 86 common frames omitted
Caused by: org.springframework.beans.factory.BeanCreationException: Error creating bean with name 'entityManagerFactory' defined in class path resource [org/springframework/boot/autoconfigure/orm/jpa/HibernateJpaConfiguration.class]: Unable to create requested service [org.hibernate.engine.jdbc.env.spi.JdbcEnvironment] due to: Unable to determine Dialect without JDBC metadata (please set 'jakarta.persistence.jdbc.url' for common cases or 'hibernate.dialect' when a custom Dialect implementation must be provided)
	at org.springframework.beans.factory.support.AbstractAutowireCapableBeanFactory.initializeBean(AbstractAutowireCapableBeanFactory.java:1812) ~[spring-beans-6.2.3.jar:6.2.3]
	at org.springframework.beans.factory.support.AbstractAutowireCapableBeanFactory.doCreateBean(AbstractAutowireCapableBeanFactory.java:601) ~[spring-beans-6.2.3.jar:6.2.3]
	at org.springframework.beans.factory.support.AbstractAutowireCapableBeanFactory.createBean(AbstractAutowireCapableBeanFactory.java:523) ~[spring-beans-6.2.3.jar:6.2.3]
	at org.springframework.beans.factory.support.AbstractBeanFactory.lambda$doGetBean$0(AbstractBeanFactory.java:339) ~[spring-beans-6.2.3.jar:6.2.3]
	at org.springframework.beans.factory.support.DefaultSingletonBeanRegistry.getSingleton(DefaultSingletonBeanRegistry.java:346) ~[spring-beans-6.2.3.jar:6.2.3]
	at org.springframework.beans.factory.support.AbstractBeanFactory.doGetBean(AbstractBeanFactory.java:337) ~[spring-beans-6.2.3.jar:6.2.3]
	at org.springframework.beans.factory.support.AbstractBeanFactory.getBean(AbstractBeanFactory.java:202) ~[spring-beans-6.2.3.jar:6.2.3]
	at org.springframework.beans.factory.support.BeanDefinitionValueResolver.resolveReference(BeanDefinitionValueResolver.java:365) ~[spring-beans-6.2.3.jar:6.2.3]
	... 98 common frames omitted
Caused by: org.hibernate.service.spi.ServiceException: Unable to create requested service [org.hibernate.engine.jdbc.env.spi.JdbcEnvironment] due to: Unable to determine Dialect without JDBC metadata (please set 'jakarta.persistence.jdbc.url' for common cases or 'hibernate.dialect' when a custom Dialect implementation must be provided)
	at org.hibernate.service.internal.AbstractServiceRegistryImpl.createService(AbstractServiceRegistryImpl.java:276) ~[hibernate-core-6.6.8.Final.jar:6.6.8.Final]
	at org.hibernate.service.internal.AbstractServiceRegistryImpl.initializeService(AbstractServiceRegistryImpl.java:238) ~[hibernate-core-6.6.8.Final.jar:6.6.8.Final]
	at org.hibernate.service.internal.AbstractServiceRegistryImpl.getService(AbstractServiceRegistryImpl.java:215) ~[hibernate-core-6.6.8.Final.jar:6.6.8.Final]
	at org.hibernate.boot.model.relational.Database.<init>(Database.java:45) ~[hibernate-core-6.6.8.Final.jar:6.6.8.Final]
	at org.hibernate.boot.internal.InFlightMetadataCollectorImpl.getDatabase(InFlightMetadataCollectorImpl.java:226) ~[hibernate-core-6.6.8.Final.jar:6.6.8.Final]
	at org.hibernate.boot.internal.InFlightMetadataCollectorImpl.<init>(InFlightMetadataCollectorImpl.java:194) ~[hibernate-core-6.6.8.Final.jar:6.6.8.Final]
	at org.hibernate.boot.model.process.spi.MetadataBuildingProcess.complete(MetadataBuildingProcess.java:171) ~[hibernate-core-6.6.8.Final.jar:6.6.8.Final]
	at org.hibernate.jpa.boot.internal.EntityManagerFactoryBuilderImpl.metadata(EntityManagerFactoryBuilderImpl.java:1442) ~[hibernate-core-6.6.8.Final.jar:6.6.8.Final]
	at org.hibernate.jpa.boot.internal.EntityManagerFactoryBuilderImpl.build(EntityManagerFactoryBuilderImpl.java:1513) ~[hibernate-core-6.6.8.Final.jar:6.6.8.Final]
	at org.springframework.orm.jpa.vendor.SpringHibernateJpaPersistenceProvider.createContainerEntityManagerFactory(SpringHibernateJpaPersistenceProvider.java:66) ~[spring-orm-6.2.3.jar:6.2.3]
	at org.springframework.orm.jpa.LocalContainerEntityManagerFactoryBean.createNativeEntityManagerFactory(LocalContainerEntityManagerFactoryBean.java:390) ~[spring-orm-6.2.3.jar:6.2.3]
	at org.springframework.orm.jpa.AbstractEntityManagerFactoryBean.buildNativeEntityManagerFactory(AbstractEntityManagerFactoryBean.java:419) ~[spring-orm-6.2.3.jar:6.2.3]
	at org.springframework.orm.jpa.AbstractEntityManagerFactoryBean.afterPropertiesSet(AbstractEntityManagerFactoryBean.java:400) ~[spring-orm-6.2.3.jar:6.2.3]
	at org.springframework.orm.jpa.LocalContainerEntityManagerFactoryBean.afterPropertiesSet(LocalContainerEntityManagerFactoryBean.java:366) ~[spring-orm-6.2.3.jar:6.2.3]
	at org.springframework.beans.factory.support.AbstractAutowireCapableBeanFactory.invokeInitMethods(AbstractAutowireCapableBeanFactory.java:1859) ~[spring-beans-6.2.3.jar:6.2.3]
	at org.springframework.beans.factory.support.AbstractAutowireCapableBeanFactory.initializeBean(AbstractAutowireCapableBeanFactory.java:1808) ~[spring-beans-6.2.3.jar:6.2.3]
	... 105 common frames omitted
Caused by: org.hibernate.HibernateException: Unable to determine Dialect without JDBC metadata (please set 'jakarta.persistence.jdbc.url' for common cases or 'hibernate.dialect' when a custom Dialect implementation must be provided)
	at org.hibernate.engine.jdbc.dialect.internal.DialectFactoryImpl.determineDialect(DialectFactoryImpl.java:191) ~[hibernate-core-6.6.8.Final.jar:6.6.8.Final]
	at org.hibernate.engine.jdbc.dialect.internal.DialectFactoryImpl.buildDialect(DialectFactoryImpl.java:87) ~[hibernate-core-6.6.8.Final.jar:6.6.8.Final]
	at org.hibernate.engine.jdbc.env.internal.JdbcEnvironmentInitiator.getJdbcEnvironmentWithDefaults(JdbcEnvironmentInitiator.java:181) ~[hibernate-core-6.6.8.Final.jar:6.6.8.Final]
	at org.hibernate.engine.jdbc.env.internal.JdbcEnvironmentInitiator.getJdbcEnvironmentUsingJdbcMetadata(JdbcEnvironmentInitiator.java:392) ~[hibernate-core-6.6.8.Final.jar:6.6.8.Final]
	at org.hibernate.engine.jdbc.env.internal.JdbcEnvironmentInitiator.initiateService(JdbcEnvironmentInitiator.java:129) ~[hibernate-core-6.6.8.Final.jar:6.6.8.Final]
	at org.hibernate.engine.jdbc.env.internal.JdbcEnvironmentInitiator.initiateService(JdbcEnvironmentInitiator.java:81) ~[hibernate-core-6.6.8.Final.jar:6.6.8.Final]
	at org.hibernate.boot.registry.internal.StandardServiceRegistryImpl.initiateService(StandardServiceRegistryImpl.java:130) ~[hibernate-core-6.6.8.Final.jar:6.6.8.Final]
	at org.hibernate.service.internal.AbstractServiceRegistryImpl.createService(AbstractServiceRegistryImpl.java:263) ~[hibernate-core-6.6.8.Final.jar:6.6.8.Final]
	... 120 common frames omitted

2026-05-15T13:06:01.403+01:00  INFO 81520 --- [medjool] [restartedMain] com.example.medjool.MedjoolApplication   : Starting MedjoolApplication using Java 17.0.15 with PID 81520 (/Volumes/ADATA/agrisales_back/target/classes started by salaheddine in /Volumes/ADATA/agrisales_back)
2026-05-15T13:06:01.404+01:00 DEBUG 81520 --- [medjool] [restartedMain] com.example.medjool.MedjoolApplication   : Running with Spring Boot v3.4.3, Spring v6.2.3
2026-05-15T13:06:01.404+01:00  INFO 81520 --- [medjool] [restartedMain] com.example.medjool.MedjoolApplication   : No active profile set, falling back to 1 default profile: "default"
2026-05-15T13:06:01.427+01:00  INFO 81520 --- [medjool] [restartedMain] .e.DevToolsPropertyDefaultsPostProcessor : Devtools property defaults active! Set 'spring.devtools.add-properties' to 'false' to disable
2026-05-15T13:06:01.427+01:00  INFO 81520 --- [medjool] [restartedMain] .e.DevToolsPropertyDefaultsPostProcessor : For additional web related logging consider setting the 'logging.level.web' property to 'DEBUG'
2026-05-15T13:06:02.051+01:00  INFO 81520 --- [medjool] [restartedMain] .s.d.r.c.RepositoryConfigurationDelegate : Bootstrapping Spring Data JPA repositories in DEFAULT mode.
2026-05-15T13:06:02.098+01:00  INFO 81520 --- [medjool] [restartedMain] .s.d.r.c.RepositoryConfigurationDelegate : Finished Spring Data repository scanning in 41 ms. Found 17 JPA repository interfaces.
2026-05-15T13:06:02.497+01:00  INFO 81520 --- [medjool] [restartedMain] o.s.b.w.embedded.tomcat.TomcatWebServer  : Tomcat initialized with port 8080 (http)
2026-05-15T13:06:02.504+01:00  INFO 81520 --- [medjool] [restartedMain] o.apache.catalina.core.StandardService   : Starting service [Tomcat]
2026-05-15T13:06:02.504+01:00  INFO 81520 --- [medjool] [restartedMain] o.apache.catalina.core.StandardEngine    : Starting Servlet engine: [Apache Tomcat/10.1.36]
2026-05-15T13:06:02.528+01:00  INFO 81520 --- [medjool] [restartedMain] o.a.c.c.C.[Tomcat].[localhost].[/]       : Initializing Spring embedded WebApplicationContext
2026-05-15T13:06:02.529+01:00  INFO 81520 --- [medjool] [restartedMain] w.s.c.ServletWebServerApplicationContext : Root WebApplicationContext: initialization completed in 1101 ms
2026-05-15T13:06:02.716+01:00  INFO 81520 --- [medjool] [restartedMain] o.hibernate.jpa.internal.util.LogHelper  : HHH000204: Processing PersistenceUnitInfo [name: default]
2026-05-15T13:06:02.767+01:00  INFO 81520 --- [medjool] [restartedMain] org.hibernate.Version                    : HHH000412: Hibernate ORM core version 6.6.8.Final
2026-05-15T13:06:02.785+01:00  INFO 81520 --- [medjool] [restartedMain] o.h.c.internal.RegionFactoryInitiator    : HHH000026: Second-level cache disabled
2026-05-15T13:06:02.905+01:00  INFO 81520 --- [medjool] [restartedMain] o.s.o.j.p.SpringPersistenceUnitInfo      : No LoadTimeWeaver setup: ignoring JPA class transformer
2026-05-15T13:06:02.919+01:00  INFO 81520 --- [medjool] [restartedMain] com.zaxxer.hikari.HikariDataSource       : HikariPool-1 - Starting...
2026-05-15T13:06:03.130+01:00  INFO 81520 --- [medjool] [restartedMain] com.zaxxer.hikari.pool.HikariPool        : HikariPool-1 - Added connection com.mysql.cj.jdbc.ConnectionImpl@7c64ab13
2026-05-15T13:06:03.131+01:00  INFO 81520 --- [medjool] [restartedMain] com.zaxxer.hikari.HikariDataSource       : HikariPool-1 - Start completed.
2026-05-15T13:06:03.183+01:00  INFO 81520 --- [medjool] [restartedMain] org.hibernate.orm.connections.pooling    : HHH10001005: Database info:
	Database JDBC URL [Connecting through datasource 'HikariDataSource (HikariPool-1)']
	Database driver: undefined/unknown
	Database version: 8.3
	Autocommit mode: undefined/unknown
	Isolation level: undefined/unknown
	Minimum pool size: undefined/unknown
	Maximum pool size: undefined/unknown
2026-05-15T13:06:03.795+01:00  INFO 81520 --- [medjool] [restartedMain] o.h.e.t.j.p.i.JtaPlatformInitiator       : HHH000489: No JTA platform available (set 'hibernate.transaction.jta.platform' to enable JTA platform integration)
2026-05-15T13:06:04.179+01:00  INFO 81520 --- [medjool] [restartedMain] j.LocalContainerEntityManagerFactoryBean : Initialized JPA EntityManagerFactory for persistence unit 'default'
2026-05-15T13:06:04.421+01:00 DEBUG 81520 --- [medjool] [restartedMain] com.example.medjool.filters.JWTFilter    : Filter 'JWTFilter' configured for use
2026-05-15T13:06:04.421+01:00 DEBUG 81520 --- [medjool] [restartedMain] c.e.m.f.SimpleFilter$$SpringCGLIB$$0     : Filter 'simpleFilter' configured for use
2026-05-15T13:06:04.421+01:00 DEBUG 81520 --- [medjool] [restartedMain] c.e.m.f.ApiKeyAuthenticationFilter       : Filter 'apiKeyAuthenticationFilter' configured for use
2026-05-15T13:06:04.481+01:00  INFO 81520 --- [medjool] [restartedMain] o.s.d.j.r.query.QueryEnhancerFactory     : Hibernate is in classpath; If applicable, HQL parser will be used.
2026-05-15T13:06:04.827+01:00  INFO 81520 --- [medjool] [restartedMain] f.a.AutowiredAnnotationBeanPostProcessor : Autowired annotation is not supported on static fields: private static java.lang.String com.example.medjool.services.implementation.OrderServiceImpl.PRODUCTION_SERVICE_URL
2026-05-15T13:06:04.827+01:00  INFO 81520 --- [medjool] [restartedMain] f.a.AutowiredAnnotationBeanPostProcessor : Autowired annotation is not supported on static fields: private static java.lang.String com.example.medjool.services.implementation.OrderServiceImpl.API_KEY
2026-05-15T13:06:04.837+01:00  INFO 81520 --- [medjool] [restartedMain] f.a.AutowiredAnnotationBeanPostProcessor : Autowired annotation is not supported on static fields: private static java.lang.String com.example.medjool.services.implementation.StockServiceImpl.ANALYTICS_SERVICE_URL
2026-05-15T13:06:04.930+01:00  WARN 81520 --- [medjool] [restartedMain] JpaBaseConfiguration$JpaWebConfiguration : spring.jpa.open-in-view is enabled by default. Therefore, database queries may be performed during view rendering. Explicitly configure spring.jpa.open-in-view to disable this warning
2026-05-15T13:06:04.952+01:00  INFO 81520 --- [medjool] [restartedMain] r$InitializeUserDetailsManagerConfigurer : Global AuthenticationManager configured with UserDetailsService bean with name userDetailsServiceImpl
2026-05-15T13:06:05.250+01:00  INFO 81520 --- [medjool] [restartedMain] o.s.b.a.e.web.EndpointLinksResolver      : Exposing 16 endpoints beneath base path '/actuator'
2026-05-15T13:06:05.341+01:00  INFO 81520 --- [medjool] [restartedMain] o.s.v.b.OptionalValidatorFactoryBean     : Failed to set up a Bean Validation provider: jakarta.validation.NoProviderFoundException: Unable to create a Configuration, because no Jakarta Bean Validation provider could be found. Add a provider like Hibernate Validator (RI) to your classpath.
2026-05-15T13:06:05.637+01:00  INFO 81520 --- [medjool] [restartedMain] o.s.b.d.a.OptionalLiveReloadServer       : LiveReload server is running on port 35729
2026-05-15T13:06:05.676+01:00  INFO 81520 --- [medjool] [restartedMain] o.s.m.s.b.SimpleBrokerMessageHandler     : Starting...
2026-05-15T13:06:05.677+01:00  INFO 81520 --- [medjool] [restartedMain] o.s.m.s.b.SimpleBrokerMessageHandler     : BrokerAvailabilityEvent[available=true, SimpleBrokerMessageHandler [org.springframework.messaging.simp.broker.DefaultSubscriptionRegistry@4dd047ba]]
2026-05-15T13:06:05.677+01:00  INFO 81520 --- [medjool] [restartedMain] o.s.m.s.b.SimpleBrokerMessageHandler     : Started.
2026-05-15T13:06:05.688+01:00  INFO 81520 --- [medjool] [restartedMain] o.s.b.w.embedded.tomcat.TomcatWebServer  : Tomcat started on port 8080 (http) with context path '/'
2026-05-15T13:06:05.700+01:00  INFO 81520 --- [medjool] [restartedMain] com.example.medjool.MedjoolApplication   : Started MedjoolApplication in 4.527 seconds (process running for 5.383)
2026-05-15T13:06:06.021+01:00  INFO 81520 --- [medjool] [RMI TCP Connection(3)-192.168.0.53] o.a.c.c.C.[Tomcat].[localhost].[/]       : Initializing Spring DispatcherServlet 'dispatcherServlet'
2026-05-15T13:06:06.021+01:00  INFO 81520 --- [medjool] [RMI TCP Connection(3)-192.168.0.53] o.s.web.servlet.DispatcherServlet        : Initializing Servlet 'dispatcherServlet'
2026-05-15T13:06:06.023+01:00  INFO 81520 --- [medjool] [RMI TCP Connection(3)-192.168.0.53] o.s.web.servlet.DispatcherServlet        : Completed initialization in 2 ms
2026-05-15T13:06:12.141+01:00  INFO 81520 --- [medjool] [File Watcher] rtingClassPathChangeChangedEventListener : Restarting due to 172 class path changes (0 additions, 168 deletions, 4 modifications)
2026-05-15T13:06:12.162+01:00  INFO 81520 --- [medjool] [Thread-5] o.s.b.w.e.tomcat.GracefulShutdown        : Commencing graceful shutdown. Waiting for active requests to complete
2026-05-15T13:06:12.167+01:00  INFO 81520 --- [medjool] [tomcat-shutdown] o.s.b.w.e.tomcat.GracefulShutdown        : Graceful shutdown complete
2026-05-15T13:06:12.172+01:00  INFO 81520 --- [medjool] [Thread-5] o.s.m.s.b.SimpleBrokerMessageHandler     : Stopping...
2026-05-15T13:06:12.172+01:00  INFO 81520 --- [medjool] [Thread-5] o.s.m.s.b.SimpleBrokerMessageHandler     : BrokerAvailabilityEvent[available=false, SimpleBrokerMessageHandler [org.springframework.messaging.simp.broker.DefaultSubscriptionRegistry@4dd047ba]]
2026-05-15T13:06:12.172+01:00  INFO 81520 --- [medjool] [Thread-5] o.s.m.s.b.SimpleBrokerMessageHandler     : Stopped.
2026-05-15T13:06:12.185+01:00  INFO 81520 --- [medjool] [Thread-5] j.LocalContainerEntityManagerFactoryBean : Closing JPA EntityManagerFactory for persistence unit 'default'
2026-05-15T13:06:12.190+01:00  INFO 81520 --- [medjool] [Thread-5] com.zaxxer.hikari.HikariDataSource       : HikariPool-1 - Shutdown initiated...
2026-05-15T13:06:12.200+01:00  INFO 81520 --- [medjool] [Thread-5] com.zaxxer.hikari.HikariDataSource       : HikariPool-1 - Shutdown completed.
2026-05-15T13:06:12.348+01:00  INFO 81520 --- [medjool] [restartedMain] com.example.medjool.MedjoolApplication   : Starting MedjoolApplication using Java 17.0.15 with PID 81520 (/Volumes/ADATA/agrisales_back/target/classes started by salaheddine in /Volumes/ADATA/agrisales_back)
2026-05-15T13:06:12.348+01:00 DEBUG 81520 --- [medjool] [restartedMain] com.example.medjool.MedjoolApplication   : Running with Spring Boot v3.4.3, Spring v6.2.3
2026-05-15T13:06:12.348+01:00  INFO 81520 --- [medjool] [restartedMain] com.example.medjool.MedjoolApplication   : No active profile set, falling back to 1 default profile: "default"
2026-05-15T13:06:12.688+01:00  INFO 81520 --- [medjool] [restartedMain] .s.d.r.c.RepositoryConfigurationDelegate : Bootstrapping Spring Data JPA repositories in DEFAULT mode.
2026-05-15T13:06:12.689+01:00  INFO 81520 --- [medjool] [restartedMain] .s.d.r.c.RepositoryConfigurationDelegate : Finished Spring Data repository scanning in 0 ms. Found 0 JPA repository interfaces.
2026-05-15T13:06:12.802+01:00  INFO 81520 --- [medjool] [restartedMain] o.s.b.w.embedded.tomcat.TomcatWebServer  : Tomcat initialized with port 8080 (http)
2026-05-15T13:06:12.803+01:00  INFO 81520 --- [medjool] [restartedMain] o.apache.catalina.core.StandardService   : Starting service [Tomcat]
2026-05-15T13:06:12.803+01:00  INFO 81520 --- [medjool] [restartedMain] o.apache.catalina.core.StandardEngine    : Starting Servlet engine: [Apache Tomcat/10.1.36]
2026-05-15T13:06:12.810+01:00  INFO 81520 --- [medjool] [restartedMain] o.a.c.c.C.[Tomcat].[localhost].[/]       : Initializing Spring embedded WebApplicationContext
2026-05-15T13:06:12.810+01:00  INFO 81520 --- [medjool] [restartedMain] w.s.c.ServletWebServerApplicationContext : Root WebApplicationContext: initialization completed in 461 ms
2026-05-15T13:06:12.912+01:00  INFO 81520 --- [medjool] [restartedMain] o.hibernate.jpa.internal.util.LogHelper  : HHH000204: Processing PersistenceUnitInfo [name: default]
2026-05-15T13:06:12.914+01:00  INFO 81520 --- [medjool] [restartedMain] o.h.c.internal.RegionFactoryInitiator    : HHH000026: Second-level cache disabled
2026-05-15T13:06:12.922+01:00  INFO 81520 --- [medjool] [restartedMain] o.s.o.j.p.SpringPersistenceUnitInfo      : No LoadTimeWeaver setup: ignoring JPA class transformer
2026-05-15T13:06:12.923+01:00  INFO 81520 --- [medjool] [restartedMain] com.zaxxer.hikari.HikariDataSource       : HikariPool-2 - Starting...
2026-05-15T13:06:12.937+01:00  INFO 81520 --- [medjool] [restartedMain] com.zaxxer.hikari.pool.HikariPool        : HikariPool-2 - Added connection com.mysql.cj.jdbc.ConnectionImpl@64e9716a
2026-05-15T13:06:12.938+01:00  INFO 81520 --- [medjool] [restartedMain] com.zaxxer.hikari.HikariDataSource       : HikariPool-2 - Start completed.
2026-05-15T13:06:12.939+01:00  INFO 81520 --- [medjool] [restartedMain] org.hibernate.orm.connections.pooling    : HHH10001005: Database info:
	Database JDBC URL [Connecting through datasource 'HikariDataSource (HikariPool-2)']
	Database driver: undefined/unknown
	Database version: 8.3
	Autocommit mode: undefined/unknown
	Isolation level: undefined/unknown
	Minimum pool size: undefined/unknown
	Maximum pool size: undefined/unknown
2026-05-15T13:06:12.954+01:00  INFO 81520 --- [medjool] [restartedMain] o.h.e.t.j.p.i.JtaPlatformInitiator       : HHH000489: No JTA platform available (set 'hibernate.transaction.jta.platform' to enable JTA platform integration)
2026-05-15T13:06:12.954+01:00  INFO 81520 --- [medjool] [restartedMain] j.LocalContainerEntityManagerFactoryBean : Initialized JPA EntityManagerFactory for persistence unit 'default'
2026-05-15T13:06:13.011+01:00  WARN 81520 --- [medjool] [restartedMain] JpaBaseConfiguration$JpaWebConfiguration : spring.jpa.open-in-view is enabled by default. Therefore, database queries may be performed during view rendering. Explicitly configure spring.jpa.open-in-view to disable this warning
2026-05-15T13:06:13.047+01:00  INFO 81520 --- [medjool] [restartedMain] o.s.v.b.OptionalValidatorFactoryBean     : Failed to set up a Bean Validation provider: jakarta.validation.NoProviderFoundException: Unable to create a Configuration, because no Jakarta Bean Validation provider could be found. Add a provider like Hibernate Validator (RI) to your classpath.
2026-05-15T13:06:13.602+01:00  WARN 81520 --- [medjool] [restartedMain] .s.s.UserDetailsServiceAutoConfiguration : 

Using generated security password: cc2142c4-b6f0-47bf-848e-6d27f0bd5cd9

This generated password is for development use only. Your security configuration must be updated before running your application in production.

2026-05-15T13:06:13.611+01:00  INFO 81520 --- [medjool] [restartedMain] r$InitializeUserDetailsManagerConfigurer : Global AuthenticationManager configured with UserDetailsService bean with name inMemoryUserDetailsManager
2026-05-15T13:06:13.663+01:00  INFO 81520 --- [medjool] [restartedMain] o.s.b.a.e.web.EndpointLinksResolver      : Exposing 16 endpoints beneath base path '/actuator'
2026-05-15T13:06:13.760+01:00  INFO 81520 --- [medjool] [restartedMain] o.s.b.d.a.OptionalLiveReloadServer       : LiveReload server is running on port 35729
2026-05-15T13:06:13.778+01:00  INFO 81520 --- [medjool] [restartedMain] o.s.b.w.embedded.tomcat.TomcatWebServer  : Tomcat started on port 8080 (http) with context path '/'
2026-05-15T13:06:13.785+01:00  INFO 81520 --- [medjool] [restartedMain] com.example.medjool.MedjoolApplication   : Started MedjoolApplication in 1.462 seconds (process running for 13.469)
2026-05-15T13:06:13.789+01:00  INFO 81520 --- [medjool] [restartedMain] .ConditionEvaluationDeltaLoggingListener : Condition evaluation delta:


==========================
CONDITION EVALUATION DELTA
==========================


Positive matches:
-----------------

   ManagementWebSecurityAutoConfiguration matched:
      - found 'session' scope (OnWebApplicationCondition)
      - AllNestedConditions 2 matched 0 did not; NestedCondition on DefaultWebSecurityCondition.Beans @ConditionalOnMissingBean (types: org.springframework.security.web.SecurityFilterChain; SearchStrategy: all) did not find any beans; NestedCondition on DefaultWebSecurityCondition.Classes @ConditionalOnClass found required classes 'org.springframework.security.web.SecurityFilterChain', 'org.springframework.security.config.annotation.web.builders.HttpSecurity' (DefaultWebSecurityCondition)

   SpringBootWebSecurityConfiguration.WebSecurityEnablerConfiguration matched:
      - @ConditionalOnClass found required class 'org.springframework.security.config.annotation.web.configuration.EnableWebSecurity' (OnClassCondition)
      - @ConditionalOnMissingBean (names: springSecurityFilterChain; SearchStrategy: all) did not find any beans (OnBeanCondition)

   TaskExecutorConfigurations.TaskExecutorConfiguration matched:
      - @ConditionalOnMissingBean (types: java.util.concurrent.Executor; SearchStrategy: all) did not find any beans (OnBeanCondition)

   TaskExecutorConfigurations.TaskExecutorConfiguration#applicationTaskExecutor matched:
      - @ConditionalOnThreading found PLATFORM (OnThreadingCondition)

   TaskSchedulingConfigurations.TaskSchedulerConfiguration matched:
      - @ConditionalOnBean (names: org.springframework.context.annotation.internalScheduledAnnotationProcessor; SearchStrategy: all) found bean 'org.springframework.context.annotation.internalScheduledAnnotationProcessor'; @ConditionalOnMissingBean (types: org.springframework.scheduling.TaskScheduler,java.util.concurrent.ScheduledExecutorService; SearchStrategy: all) did not find any beans (OnBeanCondition)

   TaskSchedulingConfigurations.TaskSchedulerConfiguration#taskScheduler matched:
      - @ConditionalOnThreading found PLATFORM (OnThreadingCondition)

   UserDetailsServiceAutoConfiguration matched:
      - @ConditionalOnClass found required class 'org.springframework.security.authentication.AuthenticationManager' (OnClassCondition)
      - found 'session' scope (OnWebApplicationCondition)
      - AnyNestedCondition 1 matched 2 did not; NestedCondition on UserDetailsServiceAutoConfiguration.MissingAlternativeOrUserPropertiesConfigured.PasswordConfigured @ConditionalOnProperty (spring.security.user.password) did not find property 'password'; NestedCondition on UserDetailsServiceAutoConfiguration.MissingAlternativeOrUserPropertiesConfigured.NameConfigured @ConditionalOnProperty (spring.security.user.name) did not find property 'name'; NestedCondition on UserDetailsServiceAutoConfiguration.MissingAlternativeOrUserPropertiesConfigured.MissingAlternative @ConditionalOnMissingClass did not find unwanted classes 'org.springframework.security.oauth2.client.registration.ClientRegistrationRepository', 'org.springframework.security.oauth2.server.resource.introspection.OpaqueTokenIntrospector', 'org.springframework.security.saml2.provider.service.registration.RelyingPartyRegistrationRepository' (UserDetailsServiceAutoConfiguration.MissingAlternativeOrUserPropertiesConfigured)
      - @ConditionalOnBean (types: org.springframework.security.config.ObjectPostProcessor; SearchStrategy: all) found beans 'objectPostProcessor', 'webAuthorizationManagerPostProcessor', 'filterChainDecoratorPostProcessor', 'authenticationManagerPostProcessor'; @ConditionalOnMissingBean (types: org.springframework.security.authentication.AuthenticationManager,org.springframework.security.authentication.AuthenticationProvider,org.springframework.security.core.userdetails.UserDetailsService,org.springframework.security.authentication.AuthenticationManagerResolver,org.springframework.security.oauth2.jwt.JwtDecoder; SearchStrategy: all) did not find any beans (OnBeanCondition)


Negative matches:
-----------------

   TaskExecutorConfigurations.TaskExecutorConfiguration#applicationTaskExecutorVirtualThreads:
      Did not match:
         - @ConditionalOnThreading did not find VIRTUAL (OnThreadingCondition)

   TaskSchedulingConfigurations.TaskSchedulerConfiguration#taskSchedulerVirtualThreads:
      Did not match:
         - @ConditionalOnThreading did not find VIRTUAL (OnThreadingCondition)

   WebSocketMessagingAutoConfiguration.WebSocketMessageConverterConfiguration:
      Did not match:
         - @ConditionalOnBean (types: org.springframework.web.socket.config.annotation.DelegatingWebSocketMessageBrokerConfiguration,com.fasterxml.jackson.databind.ObjectMapper; SearchStrategy: all) did not find any beans of type org.springframework.web.socket.config.annotation.DelegatingWebSocketMessageBrokerConfiguration (OnBeanCondition)
      Matched:
         - @ConditionalOnClass found required classes 'com.fasterxml.jackson.databind.ObjectMapper', 'org.springframework.messaging.simp.config.AbstractMessageBrokerConfiguration' (OnClassCondition)


Exclusions:
-----------

    None


Unconditional classes:
----------------------

    None



2026-05-15T13:06:15.181+01:00  INFO 81520 --- [medjool] [File Watcher] rtingClassPathChangeChangedEventListener : Restarting due to 168 class path changes (168 additions, 0 deletions, 0 modifications)
2026-05-15T13:06:15.183+01:00  INFO 81520 --- [medjool] [Thread-7] o.s.b.w.e.tomcat.GracefulShutdown        : Commencing graceful shutdown. Waiting for active requests to complete
2026-05-15T13:06:15.185+01:00  INFO 81520 --- [medjool] [tomcat-shutdown] o.s.b.w.e.tomcat.GracefulShutdown        : Graceful shutdown complete
2026-05-15T13:06:15.188+01:00  INFO 81520 --- [medjool] [Thread-7] j.LocalContainerEntityManagerFactoryBean : Closing JPA EntityManagerFactory for persistence unit 'default'
2026-05-15T13:06:15.189+01:00  INFO 81520 --- [medjool] [Thread-7] com.zaxxer.hikari.HikariDataSource       : HikariPool-2 - Shutdown initiated...
2026-05-15T13:06:15.194+01:00  INFO 81520 --- [medjool] [Thread-7] com.zaxxer.hikari.HikariDataSource       : HikariPool-2 - Shutdown completed.
2026-05-15T13:06:15.293+01:00  INFO 81520 --- [medjool] [restartedMain] com.example.medjool.MedjoolApplication   : Starting MedjoolApplication using Java 17.0.15 with PID 81520 (/Volumes/ADATA/agrisales_back/target/classes started by salaheddine in /Volumes/ADATA/agrisales_back)
2026-05-15T13:06:15.294+01:00 DEBUG 81520 --- [medjool] [restartedMain] com.example.medjool.MedjoolApplication   : Running with Spring Boot v3.4.3, Spring v6.2.3
2026-05-15T13:06:15.294+01:00  INFO 81520 --- [medjool] [restartedMain] com.example.medjool.MedjoolApplication   : No active profile set, falling back to 1 default profile: "default"
2026-05-15T13:06:15.825+01:00  INFO 81520 --- [medjool] [restartedMain] .s.d.r.c.RepositoryConfigurationDelegate : Bootstrapping Spring Data JPA repositories in DEFAULT mode.
2026-05-15T13:06:15.867+01:00  INFO 81520 --- [medjool] [restartedMain] .s.d.r.c.RepositoryConfigurationDelegate : Finished Spring Data repository scanning in 40 ms. Found 17 JPA repository interfaces.
2026-05-15T13:06:16.105+01:00  INFO 81520 --- [medjool] [restartedMain] o.s.b.w.embedded.tomcat.TomcatWebServer  : Tomcat initialized with port 8080 (http)
2026-05-15T13:06:16.106+01:00  INFO 81520 --- [medjool] [restartedMain] o.apache.catalina.core.StandardService   : Starting service [Tomcat]
2026-05-15T13:06:16.107+01:00  INFO 81520 --- [medjool] [restartedMain] o.apache.catalina.core.StandardEngine    : Starting Servlet engine: [Apache Tomcat/10.1.36]
2026-05-15T13:06:16.131+01:00  INFO 81520 --- [medjool] [restartedMain] o.a.c.c.C.[Tomcat].[localhost].[/]       : Initializing Spring embedded WebApplicationContext
2026-05-15T13:06:16.132+01:00  INFO 81520 --- [medjool] [restartedMain] w.s.c.ServletWebServerApplicationContext : Root WebApplicationContext: initialization completed in 836 ms
2026-05-15T13:06:16.368+01:00  INFO 81520 --- [medjool] [restartedMain] o.hibernate.jpa.internal.util.LogHelper  : HHH000204: Processing PersistenceUnitInfo [name: default]
2026-05-15T13:06:16.370+01:00  INFO 81520 --- [medjool] [restartedMain] o.h.c.internal.RegionFactoryInitiator    : HHH000026: Second-level cache disabled
2026-05-15T13:06:16.382+01:00  INFO 81520 --- [medjool] [restartedMain] o.s.o.j.p.SpringPersistenceUnitInfo      : No LoadTimeWeaver setup: ignoring JPA class transformer
2026-05-15T13:06:16.382+01:00  INFO 81520 --- [medjool] [restartedMain] com.zaxxer.hikari.HikariDataSource       : HikariPool-3 - Starting...
2026-05-15T13:06:16.395+01:00  INFO 81520 --- [medjool] [restartedMain] com.zaxxer.hikari.pool.HikariPool        : HikariPool-3 - Added connection com.mysql.cj.jdbc.ConnectionImpl@7f025435
2026-05-15T13:06:16.395+01:00  INFO 81520 --- [medjool] [restartedMain] com.zaxxer.hikari.HikariDataSource       : HikariPool-3 - Start completed.
2026-05-15T13:06:16.396+01:00  INFO 81520 --- [medjool] [restartedMain] org.hibernate.orm.connections.pooling    : HHH10001005: Database info:
	Database JDBC URL [Connecting through datasource 'HikariDataSource (HikariPool-3)']
	Database driver: undefined/unknown
	Database version: 8.3
	Autocommit mode: undefined/unknown
	Isolation level: undefined/unknown
	Minimum pool size: undefined/unknown
	Maximum pool size: undefined/unknown
2026-05-15T13:06:16.565+01:00  INFO 81520 --- [medjool] [restartedMain] o.h.e.t.j.p.i.JtaPlatformInitiator       : HHH000489: No JTA platform available (set 'hibernate.transaction.jta.platform' to enable JTA platform integration)
2026-05-15T13:06:16.654+01:00  INFO 81520 --- [medjool] [restartedMain] j.LocalContainerEntityManagerFactoryBean : Initialized JPA EntityManagerFactory for persistence unit 'default'
2026-05-15T13:06:16.743+01:00 DEBUG 81520 --- [medjool] [restartedMain] com.example.medjool.filters.JWTFilter    : Filter 'JWTFilter' configured for use
2026-05-15T13:06:16.744+01:00 DEBUG 81520 --- [medjool] [restartedMain] c.e.m.f.SimpleFilter$$SpringCGLIB$$0     : Filter 'simpleFilter' configured for use
2026-05-15T13:06:16.744+01:00 DEBUG 81520 --- [medjool] [restartedMain] c.e.m.f.ApiKeyAuthenticationFilter       : Filter 'apiKeyAuthenticationFilter' configured for use
2026-05-15T13:06:16.943+01:00  INFO 81520 --- [medjool] [restartedMain] f.a.AutowiredAnnotationBeanPostProcessor : Autowired annotation is not supported on static fields: private static java.lang.String com.example.medjool.services.implementation.OrderServiceImpl.PRODUCTION_SERVICE_URL
2026-05-15T13:06:16.943+01:00  INFO 81520 --- [medjool] [restartedMain] f.a.AutowiredAnnotationBeanPostProcessor : Autowired annotation is not supported on static fields: private static java.lang.String com.example.medjool.services.implementation.OrderServiceImpl.API_KEY
2026-05-15T13:06:16.950+01:00  INFO 81520 --- [medjool] [restartedMain] f.a.AutowiredAnnotationBeanPostProcessor : Autowired annotation is not supported on static fields: private static java.lang.String com.example.medjool.services.implementation.StockServiceImpl.ANALYTICS_SERVICE_URL
2026-05-15T13:06:16.996+01:00  WARN 81520 --- [medjool] [restartedMain] JpaBaseConfiguration$JpaWebConfiguration : spring.jpa.open-in-view is enabled by default. Therefore, database queries may be performed during view rendering. Explicitly configure spring.jpa.open-in-view to disable this warning
2026-05-15T13:06:17.014+01:00  INFO 81520 --- [medjool] [restartedMain] r$InitializeUserDetailsManagerConfigurer : Global AuthenticationManager configured with UserDetailsService bean with name userDetailsServiceImpl
2026-05-15T13:06:17.171+01:00  INFO 81520 --- [medjool] [restartedMain] o.s.b.a.e.web.EndpointLinksResolver      : Exposing 16 endpoints beneath base path '/actuator'
2026-05-15T13:06:17.236+01:00  INFO 81520 --- [medjool] [restartedMain] o.s.v.b.OptionalValidatorFactoryBean     : Failed to set up a Bean Validation provider: jakarta.validation.NoProviderFoundException: Unable to create a Configuration, because no Jakarta Bean Validation provider could be found. Add a provider like Hibernate Validator (RI) to your classpath.
2026-05-15T13:06:17.413+01:00  INFO 81520 --- [medjool] [restartedMain] o.s.b.d.a.OptionalLiveReloadServer       : LiveReload server is running on port 35729
2026-05-15T13:06:17.430+01:00  INFO 81520 --- [medjool] [restartedMain] o.s.m.s.b.SimpleBrokerMessageHandler     : Starting...
2026-05-15T13:06:17.430+01:00  INFO 81520 --- [medjool] [restartedMain] o.s.m.s.b.SimpleBrokerMessageHandler     : BrokerAvailabilityEvent[available=true, SimpleBrokerMessageHandler [org.springframework.messaging.simp.broker.DefaultSubscriptionRegistry@3e4e4a75]]
2026-05-15T13:06:17.430+01:00  INFO 81520 --- [medjool] [restartedMain] o.s.m.s.b.SimpleBrokerMessageHandler     : Started.
2026-05-15T13:06:17.431+01:00  INFO 81520 --- [medjool] [restartedMain] o.s.b.w.embedded.tomcat.TomcatWebServer  : Tomcat started on port 8080 (http) with context path '/'
2026-05-15T13:06:17.438+01:00  INFO 81520 --- [medjool] [restartedMain] com.example.medjool.MedjoolApplication   : Started MedjoolApplication in 2.181 seconds (process running for 17.122)
2026-05-15T13:06:17.440+01:00  INFO 81520 --- [medjool] [restartedMain] .ConditionEvaluationDeltaLoggingListener : Condition evaluation delta:


==========================
CONDITION EVALUATION DELTA
==========================


Positive matches:
-----------------

   WebSocketMessagingAutoConfiguration.WebSocketMessageConverterConfiguration matched:
      - @ConditionalOnClass found required classes 'com.fasterxml.jackson.databind.ObjectMapper', 'org.springframework.messaging.simp.config.AbstractMessageBrokerConfiguration' (OnClassCondition)
      - @ConditionalOnBean (types: org.springframework.web.socket.config.annotation.DelegatingWebSocketMessageBrokerConfiguration,com.fasterxml.jackson.databind.ObjectMapper; SearchStrategy: all) found beans 'jacksonObjectMapper', 'org.springframework.web.socket.config.annotation.DelegatingWebSocketMessageBrokerConfiguration' (OnBeanCondition)


Negative matches:
-----------------

   ManagementWebSecurityAutoConfiguration:
      Did not match:
         - AllNestedConditions 1 matched 1 did not; NestedCondition on DefaultWebSecurityCondition.Beans @ConditionalOnMissingBean (types: org.springframework.security.web.SecurityFilterChain; SearchStrategy: all) found beans of type 'org.springframework.security.web.SecurityFilterChain' configure; NestedCondition on DefaultWebSecurityCondition.Classes @ConditionalOnClass found required classes 'org.springframework.security.web.SecurityFilterChain', 'org.springframework.security.config.annotation.web.builders.HttpSecurity' (DefaultWebSecurityCondition)
      Matched:
         - found 'session' scope (OnWebApplicationCondition)

   SpringBootWebSecurityConfiguration.WebSecurityEnablerConfiguration:
      Did not match:
         - @ConditionalOnMissingBean (names: springSecurityFilterChain; SearchStrategy: all) found beans named springSecurityFilterChain (OnBeanCondition)
      Matched:
         - @ConditionalOnClass found required class 'org.springframework.security.config.annotation.web.configuration.EnableWebSecurity' (OnClassCondition)

   TaskExecutorConfigurations.TaskExecutorConfiguration:
      Did not match:
         - @ConditionalOnMissingBean (types: java.util.concurrent.Executor; SearchStrategy: all) found beans of type 'java.util.concurrent.Executor' clientInboundChannelExecutor, clientOutboundChannelExecutor, brokerChannelExecutor (OnBeanCondition)

   TaskSchedulingConfigurations.TaskSchedulerConfiguration:
      Did not match:
         - @ConditionalOnMissingBean (types: org.springframework.scheduling.TaskScheduler,java.util.concurrent.ScheduledExecutorService; SearchStrategy: all) found beans of type 'org.springframework.scheduling.TaskScheduler' messageBrokerTaskScheduler (OnBeanCondition)

   UserDetailsServiceAutoConfiguration:
      Did not match:
         - @ConditionalOnMissingBean (types: org.springframework.security.authentication.AuthenticationManager,org.springframework.security.authentication.AuthenticationProvider,org.springframework.security.core.userdetails.UserDetailsService,org.springframework.security.authentication.AuthenticationManagerResolver,org.springframework.security.oauth2.jwt.JwtDecoder; SearchStrategy: all) found beans of type 'org.springframework.security.core.userdetails.UserDetailsService' userDetailsServiceImpl (OnBeanCondition)
      Matched:
         - @ConditionalOnClass found required class 'org.springframework.security.authentication.AuthenticationManager' (OnClassCondition)
         - found 'session' scope (OnWebApplicationCondition)
         - AnyNestedCondition 1 matched 2 did not; NestedCondition on UserDetailsServiceAutoConfiguration.MissingAlternativeOrUserPropertiesConfigured.PasswordConfigured @ConditionalOnProperty (spring.security.user.password) did not find property 'password'; NestedCondition on UserDetailsServiceAutoConfiguration.MissingAlternativeOrUserPropertiesConfigured.NameConfigured @ConditionalOnProperty (spring.security.user.name) did not find property 'name'; NestedCondition on UserDetailsServiceAutoConfiguration.MissingAlternativeOrUserPropertiesConfigured.MissingAlternative @ConditionalOnMissingClass did not find unwanted classes 'org.springframework.security.oauth2.client.registration.ClientRegistrationRepository', 'org.springframework.security.oauth2.server.resource.introspection.OpaqueTokenIntrospector', 'org.springframework.security.saml2.provider.service.registration.RelyingPartyRegistrationRepository' (UserDetailsServiceAutoConfiguration.MissingAlternativeOrUserPropertiesConfigured)


Exclusions:
-----------

    None


Unconditional classes:
----------------------

    None



2026-05-15T13:06:42.143+01:00  INFO 81520 --- [medjool] [SpringApplicationShutdownHook] o.s.b.w.e.tomcat.GracefulShutdown        : Commencing graceful shutdown. Waiting for active requests to complete
2026-05-15T13:06:42.146+01:00  INFO 81520 --- [medjool] [tomcat-shutdown] o.s.b.w.e.tomcat.GracefulShutdown        : Graceful shutdown complete
2026-05-15T13:06:42.147+01:00  INFO 81520 --- [medjool] [SpringApplicationShutdownHook] o.s.m.s.b.SimpleBrokerMessageHandler     : Stopping...
2026-05-15T13:06:42.147+01:00  INFO 81520 --- [medjool] [SpringApplicationShutdownHook] o.s.m.s.b.SimpleBrokerMessageHandler     : BrokerAvailabilityEvent[available=false, SimpleBrokerMessageHandler [org.springframework.messaging.simp.broker.DefaultSubscriptionRegistry@3e4e4a75]]
2026-05-15T13:06:42.147+01:00  INFO 81520 --- [medjool] [SpringApplicationShutdownHook] o.s.m.s.b.SimpleBrokerMessageHandler     : Stopped.
2026-05-15T13:06:42.151+01:00  INFO 81520 --- [medjool] [SpringApplicationShutdownHook] j.LocalContainerEntityManagerFactoryBean : Closing JPA EntityManagerFactory for persistence unit 'default'
2026-05-15T13:06:42.155+01:00  INFO 81520 --- [medjool] [SpringApplicationShutdownHook] com.zaxxer.hikari.HikariDataSource       : HikariPool-3 - Shutdown initiated...
2026-05-15T13:06:42.163+01:00  INFO 81520 --- [medjool] [SpringApplicationShutdownHook] com.zaxxer.hikari.HikariDataSource       : HikariPool-3 - Shutdown completed.
